StudentID,UsageRate
1,3.8
2,3.6
3,3.7
4,2.4
5,1.2
6,2.9
7,2.7
8,3.3
9,2.4
10,3.9
11,3.0
12,2.5
13,3.1
14,2.3
15,1.5
16,1.4
17,3.6
18,2.9
19,1.8
20,2.3
21,1.2
22,3.4
23,1.9
24,2.0
25,1.4
26,2.0
27,2.0
28,3.4
29,2.9
30,3.9
31,1.9
32,1.6
33,1.9
34,2.1
35,3.8
36,3.1
37,3.1
38,1.5
39,1.6
40,2.3
41,2.9
42,1.1
43,2.0
44,2.5
45,2.0
46,3.0
47,2.1
48,1.9
49,3.9
50,2.0
51,2.4
52,1.2
53,2.8
54,4.0
55,3.4
56,3.3
57,3.9
58,2.6
59,2.8
60,1.8
61,3.3
62,3.6
63,1.4
64,1.2
65,3.1
66,2.0
67,1.1
68,3.7
69,2.7
70,2.1
71,3.4
72,2.9
73,3.6
74,3.4
75,1.5
76,3.3
77,1.4
78,2.1
79,1.4
80,1.7
81,2.8
82,2.9
83,3.3
84,1.4
85,1.7
86,2.5
87,2.1
88,1.2
89,2.2
90,3.0
91,1.4
92,3.2
93,3.8
94,2.8
95,3.2
96,2.9
97,3.3
98,2.0
99,2.7
100,1.5
101,2.1
102,3.4
103,1.6
104,2.0
105,1.4
106,3.9
107,1.5
108,1.0
109,2.0
110,1.7
111,2.2
112,1.3
113,3.1
114,2.9
115,2.3
116,1.8
117,1.2
118,3.0
119,3.0
120,2.3
121,3.4
122,1.8
123,2.0
124,1.2
125,2.8
126,1.3
127,1.4
128,3.7
129,1.3
130,1.7
131,3.4
132,1.4
133,3.1
134,1.3
135,2.9
136,3.3
137,1.5
138,3.7
139,2.4
140,1.7
141,3.6
142,1.7
143,3.9
144,3.3
145,3.0
146,1.3
147,2.4
148,2.5
149,2.3
150,2.4
151,3.4
152,1.7
153,1.5
154,2.8
155,3.8
156,2.1
157,1.6
158,2.9
159,1.6
160,2.1
161,2.6
162,2.1
163,3.3
164,1.2
165,1.9
166,3.9
167,1.3
168,3.1
169,2.3
170,1.9
171,3.4
172,3.0
173,2.7
174,1.6
175,1.9
176,3.1
177,3.9
178,2.2
179,1.5
180,3.0
181,1.5
182,3.4
183,2.1
184,1.3
185,3.4
186,2.9
187,3.4
188,3.7
189,1.2
190,3.7
191,2.2
192,2.6
193,2.3
194,2.1
195,1.2
196,3.2
197,2.0
198,2.5
199,2.3
200,1.9
201,3.8
202,3.1
203,2.9
204,3.0
205,2.4
206,3.0
207,1.0
208,1.4
209,2.4
210,2.0
211,3.8
212,1.4
213,1.3
214,1.4
215,1.6
216,1.1
217,1.7
218,1.1
219,1.4
220,2.4
221,3.1
222,3.6
223,2.2
224,2.2
225,3.9
226,2.8
227,3.6
228,2.2
229,2.3
230,3.1
231,1.6
232,3.0
233,3.1
234,3.7
235,2.9
236,2.3
237,2.9
238,3.6
239,2.4
240,3.4
241,1.1
242,2.6
243,3.3
244,1.3
245,3.6
246,1.3
247,2.4
248,1.4
249,2.9
250,2.1
251,3.4
252,2.3
253,3.3
254,2.1
255,2.3
256,1.1
257,1.8
258,1.3
259,3.9
260,2.2
261,3.4
262,3.1
263,3.1
264,1.2
265,2.0
266,1.8
267,2.8
268,1.6
269,3.0
270,2.5
271,3.2
272,2.7
273,3.8
274,1.0
275,2.0
276,1.9
277,1.8
278,1.1
279,3.0
280,1.1
281,1.7
282,3.4
283,1.8
284,3.0
285,1.6
286,2.2
287,1.9
288,1.6
289,2.0
290,2.4
291,1.7
292,3.4
293,4.0
294,3.1
295,3.6
296,1.4
297,3.2
298,2.5
299,2.2
300,3.8
301,1.4
302,2.7
303,2.7
304,1.4
305,1.5
306,1.1
307,4.0
308,1.5
309,3.9
310,1.3
311,3.4
312,2.6
313,3.9
314,3.7
315,2.1
316,2.5
317,1.0
318,1.6
319,1.7
320,3.3
321,3.2
322,1.2
323,1.1
324,2.1
325,1.3
326,1.8
327,2.0
328,1.5
329,3.5
330,2.5
331,3.4
332,2.8
333,3.2
334,2.6
335,3.9
336,3.6
337,3.7
338,3.5
339,3.8
340,2.2
341,2.8
342,1.6
343,1.2
344,2.5
345,2.6
346,1.6
347,3.5
348,1.9
349,3.4
350,3.7
351,3.0
352,1.4
353,1.8
354,2.3
355,1.7
356,2.4
357,2.2
358,2.4
359,1.5
360,3.2
361,2.4
362,2.1
363,2.7
364,2.4
365,3.2
366,3.6
367,2.4
368,1.7
369,3.9
370,3.0
371,3.6
372,1.9
373,2.5
374,1.7
375,2.2
376,2.7
377,3.2
378,2.2
379,3.2
380,3.7
381,3.7
382,3.2
383,2.0
384,2.4
385,1.0
386,2.6
387,2.6
388,2.0
389,2.8
390,2.0
391,3.2
392,2.8
393,2.8
394,3.2
395,3.3
396,2.1
397,2.6
398,2.2
399,3.6
400,3.0
401,2.0
402,2.8
403,2.3
404,2.5
405,1.6
406,2.8
407,1.3
408,1.9
409,3.2
410,2.0
411,2.1
412,3.2
413,3.4
414,3.8
415,1.9
416,3.0
417,2.5
418,1.8
419,2.8
420,1.2
421,4.0
422,2.7
423,3.0
424,2.4
425,3.4
426,3.7
427,2.8
428,2.5
429,1.9
430,1.3
431,3.6
432,1.2
433,1.2
434,1.8
435,2.9
436,3.1
437,1.8
438,1.1
439,2.9
440,1.5
441,1.5
442,1.1
443,3.6
444,3.5
445,1.8
446,2.9
447,1.4
448,3.7
449,2.7
450,1.1
451,3.5
452,3.6
453,2.9
454,1.7
455,2.7
456,1.3
457,3.4
458,3.9
459,1.2
460,3.8
461,1.8
462,4.0
463,2.8
464,1.4
465,1.1
466,1.6
467,2.7
468,3.7
469,3.9
470,3.0
471,2.2
472,3.7
473,3.9
474,2.5
475,2.9
476,2.4
477,1.5
478,2.0
479,1.7
480,2.7
481,2.2
482,1.4
483,1.7
484,3.9
485,1.8
486,1.7
487,3.4
488,3.1
489,3.4
490,2.3
491,2.6
492,2.2
493,3.0
494,2.0
495,3.9
496,3.4
497,1.1
498,2.0
499,1.2
500,3.6
501,1.3
502,3.4
503,3.3
504,1.4
505,1.4
506,3.8
507,3.8
508,2.7
509,3.2
510,3.5
511,3.2
512,4.0
513,3.9
514,3.2
515,3.2
516,3.5
517,2.3
518,3.5
519,1.0
520,1.8
521,2.3
522,1.4
523,3.9
524,1.7
525,1.0
526,1.8
527,2.8
528,3.1
529,1.7
530,1.6
531,3.6
532,2.1
533,3.0
534,2.2
535,3.5
536,3.7
537,1.7
538,3.8
539,2.7
540,1.8
541,1.9
542,1.9
543,3.5
544,3.2
545,2.2
546,3.2
547,3.7
548,2.5
549,2.6
550,1.3
551,2.4
552,1.3
553,2.2
554,2.8
555,2.1
556,3.3
557,3.3
558,3.6
559,2.7
560,3.5
561,2.8
562,3.0
563,3.1
564,2.1
565,3.3
566,1.8
567,1.9
568,2.7
569,3.2
570,2.9
571,3.1
572,3.1
573,2.6
574,3.4
575,3.6
576,2.8
577,1.4
578,1.2
579,2.0
580,2.7
581,3.4
582,1.8
583,2.3
584,2.8
585,3.3
586,3.5
587,3.6
588,2.9
589,1.3
590,3.7
591,4.0
592,1.3
593,3.4
594,1.0
595,2.7
596,3.7
597,1.8
598,2.2
599,3.6
600,3.7
601,1.6
602,1.6
603,1.8
604,3.0
605,3.7
606,1.8
607,2.9
608,3.0
609,1.8
610,1.1
611,1.2
612,3.1
613,3.9
614,1.4
615,1.0
616,1.5
617,3.8
618,1.9
619,2.9
620,2.0
621,2.2
622,2.6
623,1.6
624,2.2
625,1.1
626,2.3
627,1.9
628,1.9
629,3.5
630,3.5
631,3.4
632,2.8
633,2.8
634,2.4
635,1.3
636,2.5
637,1.7
638,1.9
639,1.0
640,2.1
641,3.7
642,2.8
643,3.6
644,2.3
645,3.7
646,4.0
647,2.4
648,1.6
649,1.5
650,2.0
651,3.3
652,2.3
653,3.2
654,1.2
655,3.6
656,2.3
657,1.5
658,3.2
659,1.3
660,2.0
661,1.7
662,1.6
663,2.5
664,1.4
665,3.9
666,3.5
667,3.1
668,2.9
669,3.5
670,3.6
671,3.2
672,2.2
673,1.1
674,3.0
675,2.9
676,2.0
677,3.2
678,3.9
679,2.3
680,1.3
681,2.4
682,3.0
683,3.8
684,3.7
685,1.3
686,1.8
687,2.0
688,1.2
689,3.0
690,3.0
691,2.1
692,1.0
693,1.1
694,2.0
695,2.0
696,3.9
697,2.9
698,1.2
699,2.8
700,3.3
701,2.4
702,3.0
703,1.2
704,1.9
705,2.9
706,2.4
707,1.9
708,1.6
709,3.2
710,2.3
711,2.1
712,1.5
713,3.6
714,1.7
715,1.2
716,1.6
717,3.1
718,1.9
719,2.0
720,3.0
721,3.5
722,2.0
723,3.4
724,1.4
725,3.1
726,1.9
727,2.7
728,3.1
729,2.0
730,3.1
731,2.4
732,1.9
733,1.4
734,3.3
735,2.7
736,3.8
737,1.7
738,2.5
739,3.5
740,3.4
741,2.1
742,2.2
743,2.3
744,3.1
745,3.6
746,1.7
747,2.3
748,2.7
749,3.0
750,2.2
751,3.5
752,3.8
753,2.6
754,3.5
755,1.7
756,2.0
757,1.5
758,3.6
759,2.5
760,3.2
761,3.5
762,3.4
763,2.2
764,3.4
765,2.2
766,3.8
767,4.0
768,3.7
769,1.8
770,3.7
771,1.6
772,3.7
773,1.7
774,3.2
775,2.4
776,3.0
777,2.2
778,2.9
779,3.4
780,1.7
781,3.2
782,2.2
783,1.7
784,1.9
785,2.5
786,3.2
787,1.6
788,1.7
789,3.9
790,1.6
791,3.1
792,3.6
793,1.3
794,1.9
795,3.0
796,1.5
797,2.3
798,2.9
799,2.3
800,2.5
801,1.0
802,1.1
803,3.0
804,4.0
805,1.0
806,1.1
807,3.7
808,2.4
809,2.7
810,1.9
811,1.4
812,3.6
813,2.3
814,2.1
815,1.1
816,2.1
817,4.0
818,3.0
819,3.6
820,1.7
821,1.4
822,2.7
823,3.7
824,2.3
825,3.2
826,3.5
827,3.4
828,3.4
829,3.9
830,2.4
831,1.9
832,2.7
833,1.6
834,2.2
835,1.8
836,3.9
837,3.8
838,1.8
839,2.7
840,2.6
841,3.0
842,2.5
843,1.1
844,2.9
845,2.1
846,2.8
847,2.5
848,4.0
849,1.6
850,1.1
851,1.2
852,2.8
853,2.1
854,3.8
855,2.1
856,3.3
857,1.5
858,2.9
859,1.4
860,3.8
861,1.5
862,2.1
863,1.4
864,2.9
865,3.4
866,2.3
867,2.8
868,1.1
869,3.8
870,3.9
871,1.4
872,1.3
873,2.1
874,1.1
875,2.4
876,1.1
877,3.3
878,2.1
879,2.9
880,1.1
881,2.3
882,3.6
883,2.0
884,3.4
885,1.1
886,3.5
887,1.7
888,2.4
889,2.0
890,4.0
891,4.0
892,3.3
893,3.6
894,3.0
895,1.9
896,1.4
897,1.2
898,3.8
899,1.7
900,3.4
901,1.3
902,2.1
903,3.3
904,3.5
905,3.3
906,1.9
907,3.4
908,2.7
909,2.3
910,1.0
911,3.3
912,3.8
913,3.0
914,1.0
915,1.3
916,2.7
917,1.6
918,2.6
919,1.5
920,1.6
921,1.4
922,1.9
923,3.1
924,1.3
925,3.3
926,3.7
927,3.4
928,3.9
929,2.7
930,1.2
931,1.7
932,2.7
933,2.9
934,3.0
935,2.0
936,2.5
937,2.3
938,2.0
939,2.3
940,2.0
941,2.5
942,1.4
943,3.2
944,2.5
945,2.1
946,2.0
947,2.6
948,3.0
949,2.2
950,3.4
951,1.1
952,1.9
953,2.6
954,2.5
955,1.1
956,2.1
957,3.2
958,1.1
959,3.9
960,2.2
961,1.1
962,3.5
963,1.6
964,2.4
965,3.5
966,3.3
967,1.6
968,2.2
969,2.2
970,1.7
971,1.9
972,1.4
973,2.1
974,3.2
975,3.5
976,2.4
977,1.6
978,3.8
979,3.7
980,3.8
981,4.0
982,1.1
983,1.5
984,1.9
985,3.3
986,2.8
987,2.2
988,3.7
989,2.2
990,2.4
991,3.1
992,3.1
993,1.5
994,1.3
995,2.0
996,2.7
997,4.0
998,1.0
999,2.6
1000,1.2
1001,3.3
1002,3.5
1003,1.8
1004,1.3
1005,1.4
1006,3.7
1007,2.7
1008,1.2
1009,3.4
1010,3.4
1011,3.4
1012,3.8
1013,2.1
1014,3.9
1015,3.6
1016,2.5
1017,1.8
1018,2.0
1019,2.8
1020,3.3
1021,2.7
1022,3.8
1023,2.1
1024,3.9
1025,1.4
1026,1.1
1027,2.4
1028,2.5
1029,2.9
1030,1.5
1031,2.5
1032,1.7
1033,1.2
1034,2.0
1035,3.6
1036,3.4
1037,1.6
1038,2.8
1039,3.4
1040,3.6
1041,2.8
1042,3.4
1043,1.5
1044,2.3
1045,2.6
1046,1.7
1047,3.1
1048,3.5
1049,3.3
1050,2.9
1051,3.3
1052,3.3
1053,3.8
1054,2.1
1055,2.8
1056,1.9
1057,1.8
1058,2.1
1059,2.6
1060,2.2
1061,3.7
1062,3.9
1063,2.4
1064,3.1
1065,2.2
1066,2.6
1067,3.2
1068,2.4
1069,3.6
1070,1.3
1071,1.6
1072,1.6
1073,1.8
1074,1.2
1075,1.7
1076,3.9
1077,3.5
1078,3.6
1079,2.4
1080,3.4
1081,2.3
1082,3.0
1083,1.7
1084,2.3
1085,2.5
1086,3.7
1087,3.3
1088,3.3
1089,3.3
1090,1.7
1091,3.2
1092,3.2
1093,2.1
1094,1.6
1095,2.5
1096,2.3
1097,2.5
1098,1.4
1099,3.8
1100,2.6
1101,1.5
1102,2.8
1103,1.8
1104,2.6
1105,3.3
1106,1.5
1107,3.1
1108,1.6
1109,2.5
1110,3.6
1111,2.9
1112,3.9
1113,2.6
1114,2.6
1115,1.5
1116,3.1
1117,1.9
1118,3.0
1119,2.8
1120,1.6
1121,1.8
1122,3.0
1123,1.4
1124,3.8
1125,2.0
1126,1.4
1127,2.4
1128,3.3
1129,2.1
1130,2.1
1131,3.9
1132,1.3
1133,3.9
1134,1.2
1135,1.7
1136,3.3
1137,3.4
1138,1.1
1139,2.9
1140,3.6
1141,2.1
1142,1.7
1143,2.0
1144,3.7
1145,1.7
1146,1.7
1147,1.4
1148,1.8
1149,2.6
1150,3.0
1151,1.8
1152,1.4
1153,2.3
1154,3.9
1155,3.7
1156,3.3
1157,2.3
1158,3.7
1159,3.0
1160,3.7
1161,2.9
1162,2.5
1163,3.3
1164,1.6
1165,1.3
1166,1.8
1167,1.5
1168,1.4
1169,1.9
1170,1.0
1171,1.3
1172,1.2
1173,2.5
1174,1.3
1175,2.5
1176,2.1
1177,1.5
1178,3.4
1179,1.4
1180,2.1
1181,2.3
1182,3.1
1183,3.0
1184,2.5
1185,3.0
1186,3.2
1187,2.3
1188,1.4
1189,1.5
1190,2.9
1191,3.7
1192,1.3
1193,2.4
1194,1.2
1195,3.9
1196,1.6
1197,3.8
1198,3.3
1199,3.0
1200,1.3
1201,1.5
1202,2.5
1203,1.7
1204,2.6
1205,3.2
1206,2.3
1207,3.6
1208,2.5
1209,3.5
1210,2.2
1211,1.9
1212,3.7
1213,1.5
1214,1.4
1215,2.2
1216,1.8
1217,3.1
1218,3.2
1219,3.3
1220,3.1
1221,2.5
1222,4.0
1223,3.3
1224,2.5
1225,2.1
1226,1.1
1227,1.5
1228,3.5
1229,2.5
1230,2.9
1231,2.8
1232,1.9
1233,3.9
1234,2.5
1235,1.9
1236,2.5
1237,3.5
1238,3.0
1239,2.4
1240,2.2
1241,3.1
1242,3.3
1243,1.7
1244,2.4
1245,3.8
1246,1.6
1247,1.7
1248,2.3
1249,2.5
1250,1.6
1251,2.1
1252,1.2
1253,3.0
1254,4.0
1255,1.4
1256,1.0
1257,1.1
1258,3.9
1259,2.3
1260,2.5
1261,3.1
1262,2.6
1263,2.2
1264,4.0
1265,3.7
1266,4.0
1267,3.8
1268,3.0
1269,1.6
1270,3.3
1271,2.5
1272,1.6
1273,1.9
1274,2.7
1275,3.4
1276,3.2
1277,3.5
1278,2.2
1279,2.9
1280,3.2
1281,1.8
1282,3.4
1283,2.8
1284,2.9
1285,1.3
1286,2.2
1287,3.0
1288,1.4
1289,3.7
1290,2.8
1291,1.8
1292,3.6
1293,3.0
1294,2.1
1295,1.9
1296,2.1
1297,3.7
1298,3.3
1299,2.7
1300,2.9
1301,1.8
1302,3.7
1303,3.1
1304,1.6
1305,3.9
1306,1.1
1307,3.6
1308,3.7
1309,3.4
1310,3.4
1311,1.9
1312,2.0
1313,2.2
1314,2.3
1315,2.6
1316,1.9
1317,2.3
1318,1.5
1319,1.4
1320,2.1
1321,3.5
1322,2.0
1323,1.3
1324,1.5
1325,1.2
1326,3.0
1327,1.9
1328,2.6
1329,3.1
1330,2.4
1331,3.3
1332,1.5
1333,2.4
1334,2.2
1335,2.1
1336,2.2
1337,3.8
1338,1.6
1339,3.9
1340,2.4
1341,1.3
1342,1.1
1343,1.3
1344,1.7
1345,2.2
1346,1.5
1347,1.2
1348,2.5
1349,3.4
1350,3.6
1351,3.5
1352,3.1
1353,3.0
1354,4.0
1355,3.1
1356,3.3
1357,2.4
1358,3.8
1359,2.5
1360,2.4
1361,2.0
1362,2.0
1363,1.5
1364,3.2
1365,3.0
1366,1.2
1367,3.9
1368,2.1
1369,1.8
1370,2.8
1371,2.1
1372,1.0
1373,3.0
1374,3.4
1375,2.9
1376,3.1
1377,3.2
1378,2.1
1379,1.9
1380,2.7
1381,1.9
1382,3.4
1383,1.9
1384,3.1
1385,2.2
1386,1.2
1387,1.2
1388,2.7
1389,2.7
1390,1.2
1391,2.8
1392,1.5
1393,1.9
1394,3.7
1395,3.7
1396,1.7
1397,1.6
1398,2.3
1399,3.4
1400,1.2
1401,1.8
1402,1.5
1403,1.6
1404,2.7
1405,1.8
1406,1.7
1407,3.8
1408,3.8
1409,3.5
1410,3.1
1411,1.3
1412,1.7
1413,1.2
1414,3.3
1415,3.9
1416,2.9
1417,3.2
1418,2.5
1419,3.4
1420,2.9
1421,3.5
1422,2.9
1423,3.8
1424,1.2
1425,3.1
1426,2.8
1427,2.7
1428,1.6
1429,2.8
1430,3.3
1431,1.4
1432,1.5
1433,3.2
1434,3.1
1435,1.4
1436,1.6
1437,2.9
1438,3.2
1439,1.6
1440,3.2
1441,2.9
1442,3.8
1443,2.2
1444,1.0
1445,2.6
1446,3.8
1447,2.5
1448,3.4
1449,3.1
1450,3.1
1451,3.4
1452,3.5
1453,3.1
1454,2.6
1455,2.5
1456,3.8
1457,3.0
1458,2.1
1459,2.8
1460,1.3
1461,2.7
1462,2.9
1463,3.9
1464,3.3
1465,2.1
1466,1.5
1467,1.0
1468,1.9
1469,1.8
1470,1.4
1471,1.7
1472,4.0
1473,3.4
1474,1.9
1475,1.6
1476,3.6
1477,1.0
1478,3.0
1479,3.9
1480,2.9
1481,2.7
1482,3.4
1483,3.4
1484,2.0
1485,3.6
1486,2.7
1487,2.8
1488,1.7
1489,2.9
1490,3.4
1491,1.5
1492,2.8
1493,2.6
1494,1.6
1495,4.0
1496,2.9
1497,3.7
1498,2.7
1499,3.7
1500,1.5
1501,1.1
1502,1.4
1503,3.5
1504,1.9
1505,1.6
1506,3.5
1507,2.8
1508,2.3
1509,3.6
1510,3.6
1511,2.6
1512,2.6
1513,2.9
1514,2.4
1515,1.4
1516,1.1
1517,1.7
1518,3.4
1519,2.8
1520,2.3
1521,2.9
1522,2.5
1523,2.8
1524,3.2
1525,2.6
1526,3.2
1527,3.0
1528,4.0
1529,3.6
1530,2.3
1531,1.7
1532,1.8
1533,2.0
1534,2.0
1535,1.9
1536,3.9
1537,1.0
1538,2.4
1539,2.9
1540,2.8
1541,2.3
1542,1.0
1543,2.6
1544,1.7
1545,1.7
1546,2.8
1547,2.0
1548,1.3
1549,1.1
1550,2.7
1551,3.2
1552,3.4
1553,1.1
1554,2.7
1555,3.4
1556,2.6
1557,2.5
1558,1.8
1559,3.0
1560,2.7
1561,1.1
1562,2.4
1563,1.4
1564,1.2
1565,3.8
1566,3.0
1567,2.3
1568,2.7
1569,2.5
1570,3.3
1571,3.4
1572,3.4
1573,3.8
1574,1.6
1575,3.3
1576,1.5
1577,2.3
1578,3.6
1579,2.9
1580,1.9
1581,2.6
1582,1.1
1583,3.1
1584,3.8
1585,2.4
1586,2.2
1587,3.2
1588,1.2
1589,2.2
1590,1.4
1591,2.9
1592,1.9
1593,1.4
1594,2.9
1595,3.6
1596,1.1
1597,2.3
1598,2.2
1599,1.7
1600,1.1
1601,2.3
1602,3.7
1603,2.8
1604,1.9
1605,2.2
1606,3.0
1607,1.8
1608,2.2
1609,2.1
1610,1.7
1611,2.9
1612,1.3
1613,2.8
1614,1.8
1615,1.3
1616,2.6
1617,2.7
1618,3.2
1619,3.2
1620,1.1
1621,2.5
1622,1.3
1623,3.0
1624,3.6
1625,3.7
1626,3.8
1627,3.0
1628,2.1
1629,1.6
1630,1.5
1631,3.0
1632,3.8
1633,2.1
1634,3.6
1635,3.4
1636,1.3
1637,2.2
1638,2.6
1639,1.9
1640,3.0
1641,3.5
1642,3.9
1643,3.8
1644,3.8
1645,1.6
1646,2.8
1647,3.2
1648,1.1
1649,1.8
1650,3.1
1651,2.3
1652,2.6
1653,3.0
1654,3.6
1655,3.8
1656,2.6
1657,2.0
1658,1.4
1659,3.4
1660,1.3
1661,1.5
1662,2.7
1663,2.1
1664,2.9
1665,2.2
1666,1.2
1667,1.0
1668,2.4
1669,2.5
1670,1.9
1671,3.4
1672,1.7
1673,1.2
1674,3.8
1675,3.6
1676,2.3
1677,3.4
1678,2.8
1679,3.3
1680,3.0
1681,1.6
1682,3.9
1683,1.9
1684,1.3
1685,2.1
1686,1.7
1687,2.2
1688,1.9
1689,1.7
1690,3.9
1691,1.5
1692,2.1
1693,3.3
1694,1.2
1695,2.6
1696,1.8
1697,3.5
1698,1.0
1699,3.2
1700,2.5
1701,1.0
1702,2.5
1703,3.5
1704,1.5
1705,1.8
1706,1.5
1707,1.6
1708,1.4
1709,2.7
1710,3.0
1711,2.0
1712,3.3
1713,3.9
1714,1.7
1715,2.2
1716,1.2
1717,3.9
1718,3.9
1719,1.1
1720,2.3
1721,1.6
1722,2.2
1723,2.6
1724,2.7
1725,2.3
1726,3.1
1727,1.2
1728,3.1
1729,1.7
1730,2.7
1731,3.7
1732,2.6
1733,3.5
1734,1.6
1735,3.1
1736,2.7
1737,1.4
1738,2.0
1739,3.0
1740,3.9
1741,1.7
1742,3.7
1743,2.1
1744,1.5
1745,2.2
1746,2.1
1747,2.2
1748,1.3
1749,1.4
1750,2.6
1751,1.2
1752,1.9
1753,2.8
1754,2.8
1755,2.2
1756,1.0
1757,3.8
1758,2.9
1759,1.2
1760,4.0
1761,3.5
1762,1.7
1763,2.4
1764,3.0
1765,1.3
1766,2.5
1767,1.1
1768,3.9
1769,2.7
1770,3.4
1771,2.2
1772,3.4
1773,3.8
1774,2.4
1775,3.3
1776,1.6
1777,2.4
1778,1.2
1779,3.8
1780,2.7
1781,2.3
1782,1.2
1783,2.5
1784,2.1
1785,3.9
1786,1.5
1787,1.3
1788,2.9
1789,2.0
1790,3.6
1791,1.8
1792,2.1
1793,2.1
1794,2.8
1795,3.9
1796,1.9
1797,3.8
1798,3.5
1799,1.8
1800,2.0
1801,3.4
1802,3.9
1803,2.5
1804,3.5
1805,3.6
1806,2.0
1807,1.3
1808,1.1
1809,1.1
1810,1.8
1811,1.3
1812,1.1
1813,3.5
1814,3.4
1815,1.2
1816,3.5
1817,2.3
1818,2.1
1819,3.4
1820,1.1
1821,3.9
1822,1.9
1823,4.0
1824,3.3
1825,2.1
1826,3.8
1827,2.3
1828,1.8
1829,2.1
1830,2.6
1831,3.3
1832,1.9
1833,1.6
1834,3.3
1835,2.6
1836,1.2
1837,2.9
1838,3.3
1839,1.2
1840,1.5
1841,3.5
1842,2.1
1843,1.5
1844,3.0
1845,3.0
1846,2.3
1847,2.2
1848,1.8
1849,2.4
1850,2.3
1851,1.8
1852,2.2
1853,1.8
1854,1.6
1855,1.6
1856,1.9
1857,1.6
1858,2.5
1859,3.1
1860,2.0
1861,2.7
1862,2.0
1863,3.7
1864,1.8
1865,1.3
1866,3.0
1867,3.6
1868,2.0
1869,1.7
1870,3.7
1871,3.3
1872,3.5
1873,1.9
1874,1.3
1875,1.0
1876,2.9
1877,3.5
1878,1.8
1879,2.3
1880,1.4
1881,1.6
1882,2.0
1883,2.6
1884,3.8
1885,1.1
1886,1.8
1887,1.1
1888,2.5
1889,1.9
1890,2.2
1891,3.9
1892,3.3
1893,3.2
1894,2.7
1895,1.2
1896,2.9
1897,1.1
1898,3.9
1899,3.4
1900,3.1
1901,1.8
1902,2.0
1903,4.0
1904,3.2
1905,2.2
1906,4.0
1907,1.1
1908,1.5
1909,1.0
1910,3.8
1911,3.9
1912,1.7
1913,3.3
1914,1.9
1915,3.8
1916,2.2
1917,1.3
1918,4.0
1919,2.6
1920,3.8
1921,2.3
1922,2.8
1923,1.9
1924,2.6
1925,2.6
1926,1.3
1927,3.5
1928,1.8
1929,3.9
1930,3.5
1931,2.9
1932,1.3
1933,2.5
1934,1.9
1935,2.9
1936,1.6
1937,3.7
1938,3.7
1939,2.3
1940,2.4
1941,2.3
1942,3.5
1943,2.3
1944,3.9
1945,1.7
1946,3.8
1947,2.4
1948,2.6
1949,1.2
1950,1.3
1951,3.3
1952,2.0
1953,1.2
1954,1.4
1955,3.5
1956,2.3
1957,1.7
1958,1.6
1959,3.7
1960,2.6
1961,2.1
1962,2.2
1963,3.9
1964,2.7
1965,2.2
1966,1.9
1967,3.2
1968,2.8
1969,3.2
1970,3.5
1971,2.2
1972,1.3
1973,3.9
1974,3.7
1975,1.2
1976,1.4
1977,1.4
1978,1.6
1979,1.2
1980,3.1
1981,1.3
1982,3.8
1983,4.0
1984,2.9
1985,2.4
1986,2.2
1987,2.6
1988,3.5
1989,3.7
1990,2.3
1991,1.9
1992,2.0
1993,3.1
1994,2.3
1995,1.2
1996,3.1
1997,2.7
1998,1.9
1999,3.7
2000,1.9
2001,1.9
2002,2.7
2003,2.3
2004,2.5
2005,1.0
2006,1.7
2007,3.8
2008,3.0
2009,2.5
2010,1.2
2011,2.9
2012,2.2
2013,1.2
2014,3.0
2015,2.5
2016,1.3
2017,1.3
2018,3.8
2019,2.7
2020,2.7
2021,2.0
2022,2.0
2023,2.6
2024,1.6
2025,3.6
2026,3.2
2027,1.5
2028,2.9
2029,1.6
2030,2.9
2031,2.7
2032,3.1
2033,1.5
2034,1.7
2035,1.1
2036,3.7
2037,1.9
2038,4.0
2039,2.0
2040,2.1
2041,1.7
2042,2.1
2043,1.0
2044,2.9
2045,1.3
2046,2.4
2047,3.9
2048,1.0
2049,1.4
2050,3.4
2051,3.7
2052,3.5
2053,3.6
2054,3.8
2055,3.6
2056,2.9
2057,1.3
2058,2.0
2059,2.6
2060,2.7
2061,1.3
2062,3.8
2063,3.8
2064,3.7
2065,2.9
2066,1.5
2067,1.3
2068,1.2
2069,3.6
2070,2.7
2071,3.8
2072,1.2
2073,1.9
2074,2.1
2075,3.7
2076,1.5
2077,1.6
2078,3.5
2079,2.9
2080,1.1
2081,2.1
2082,1.7
2083,2.3
2084,1.2
2085,1.3
2086,3.4
2087,2.0
2088,3.8
2089,3.6
2090,2.4
2091,2.9
2092,1.8
2093,1.1
2094,3.4
2095,3.3
2096,1.1
2097,3.2
2098,1.2
2099,1.6
2100,3.0
2101,2.1
2102,2.4
2103,2.3
2104,2.6
2105,2.8
2106,3.5
2107,3.9
2108,4.0
2109,2.7
2110,1.9
2111,2.7
2112,3.8
2113,1.9
2114,2.0
2115,3.3
2116,2.1
2117,2.6
2118,1.7
2119,2.6
2120,1.5
2121,2.1
2122,1.1
2123,2.5
2124,3.4
2125,3.6
2126,2.5
2127,1.7
2128,2.2
2129,3.6
2130,3.5
2131,3.6
2132,3.8
2133,2.9
2134,3.6
2135,2.7
2136,1.0
2137,1.5
2138,2.1
2139,1.5
2140,3.5
2141,3.1
2142,3.7
2143,3.3
2144,1.2
2145,2.3
2146,1.8
2147,1.6
2148,1.3
2149,2.5
2150,1.1
2151,3.4
2152,2.8
2153,2.9
2154,2.8
2155,4.0
2156,3.7
2157,1.5
2158,3.6
2159,2.6
2160,1.7
2161,1.1
2162,2.8
2163,3.6
2164,1.4
2165,1.2
2166,3.5
2167,2.8
2168,3.0
2169,3.1
2170,2.9
2171,3.7
2172,3.7
2173,3.0
2174,3.6
2175,3.0
2176,1.5
2177,4.0
2178,1.7
2179,2.5
2180,1.5
2181,1.8
2182,2.2
2183,1.4
2184,3.9
2185,3.4
2186,3.0
2187,1.2
2188,2.6
2189,3.2
2190,2.5
2191,3.8
2192,3.2
2193,3.3
2194,1.6
2195,1.0
2196,3.8
2197,2.4
2198,1.7
2199,1.1
2200,2.7
2201,1.9
2202,2.4
2203,2.9
2204,3.4
2205,3.0
2206,2.5
2207,3.7
2208,3.1
2209,1.8
2210,1.8
2211,1.9
2212,2.9
2213,1.6
2214,2.4
2215,1.3
2216,2.1
2217,1.4
2218,1.7
2219,3.4
2220,3.5
2221,1.4
2222,2.6
2223,1.2
2224,3.6
2225,3.6
2226,2.3
2227,3.4
2228,2.8
2229,1.0
2230,3.8
2231,2.9
2232,3.6
2233,2.7
2234,3.9
2235,2.1
2236,1.9
2237,3.5
2238,1.5
2239,1.2
2240,2.1
2241,1.4
2242,2.3
2243,1.4
2244,3.1
2245,1.4
2246,1.4
2247,3.1
2248,1.4
2249,1.4
2250,3.6
2251,3.3
2252,2.8
2253,1.3
2254,2.9
2255,2.4
2256,3.7
2257,2.2
2258,3.7
2259,2.7
2260,2.7
2261,2.4
2262,3.2
2263,1.0
2264,2.7
2265,2.1
2266,1.2
2267,1.1
2268,2.1
2269,3.4
2270,3.6
2271,2.7
2272,2.1
2273,2.2
2274,1.6
2275,2.7
2276,2.7
2277,2.3
2278,3.8
2279,1.1
2280,1.8
2281,3.0
2282,2.2
2283,1.8
2284,3.5
2285,1.3
2286,3.8
2287,2.2
2288,3.2
2289,1.1
2290,2.8
2291,1.7
2292,3.8
2293,1.1
2294,3.8
2295,2.7
2296,2.6
2297,1.1
2298,1.7
2299,1.6
2300,3.8
2301,2.5
2302,3.4
2303,3.5
2304,2.9
2305,1.4
2306,2.0
2307,2.3
2308,3.9
2309,2.9
2310,1.3
2311,1.8
2312,1.7
2313,1.7
2314,3.9
2315,2.5
2316,3.6
2317,1.9
2318,2.7
2319,3.4
2320,1.9
2321,1.8
2322,1.9
2323,4.0
2324,3.6
2325,2.3
2326,2.7
2327,3.3
2328,3.3
2329,2.5
2330,1.6
2331,3.8
2332,1.6
2333,3.2
2334,1.9
2335,1.6
2336,1.2
2337,3.6
2338,1.2
2339,1.8
2340,3.6
2341,1.9
2342,2.6
2343,1.6
2344,4.0
2345,1.7
2346,3.5
2347,1.1
2348,1.6
2349,3.2
2350,2.0
2351,1.2
2352,1.8
2353,3.4
2354,2.6
2355,1.1
2356,1.3
2357,3.8
2358,3.6
2359,3.4
2360,2.6
2361,1.7
2362,1.6
2363,2.3
2364,2.6
2365,3.8
2366,2.8
2367,1.5
2368,3.3
2369,3.9
2370,3.1
2371,1.5
2372,2.3
2373,2.8
2374,1.1
2375,2.3
2376,3.1
2377,3.0
2378,3.0
2379,3.2
2380,3.3
2381,1.2
2382,2.8
2383,2.3
2384,2.2
2385,1.6
2386,3.3
2387,1.6
2388,3.2
2389,3.2
2390,1.9
2391,1.9
2392,1.7
2393,2.4
2394,3.3
2395,3.6
2396,3.5
2397,1.3
2398,3.7
2399,3.7
2400,3.4
2401,2.9
2402,1.6
2403,2.0
2404,2.0
2405,3.1
2406,3.5
2407,1.8
2408,3.2
2409,3.0
2410,1.7
2411,2.2
2412,1.4
2413,2.9
2414,2.2
2415,3.6
2416,1.8
2417,3.9
2418,2.0
2419,1.9
2420,3.9
2421,2.7
2422,3.8
2423,1.5
2424,2.3
2425,3.0
2426,2.0
2427,2.5
2428,2.2
2429,2.0
2430,1.7
2431,2.5
2432,2.2
2433,2.7
2434,2.5
2435,3.2
2436,1.1
2437,1.2
2438,1.1
2439,3.5
2440,2.9
2441,1.6
2442,1.7
2443,3.1
2444,1.8
2445,2.5
2446,2.1
2447,1.9
2448,1.8
2449,1.9
2450,1.4
2451,1.3
2452,3.3
2453,2.1
2454,2.5
2455,1.2
2456,2.2
2457,1.7
2458,1.1
2459,1.4
2460,2.1
2461,1.5
2462,1.0
2463,1.8
2464,1.8
2465,3.6
2466,2.1
2467,3.0
2468,3.5
2469,2.2
2470,1.7
2471,1.9
2472,2.3
2473,3.5
2474,3.8
2475,1.1
2476,3.5
2477,2.2
2478,1.2
2479,3.4
2480,1.5
2481,1.9
2482,1.7
2483,1.8
2484,1.0
2485,1.9
2486,1.0
2487,3.2
2488,3.8
2489,3.7
2490,3.3
2491,1.3
2492,2.5
2493,2.4
2494,2.0
2495,1.7
2496,1.7
2497,2.7
2498,2.2
2499,1.7
2500,1.1
2501,3.0
2502,1.7
2503,1.7
2504,1.2
2505,1.5
2506,2.6
2507,3.6
2508,2.3
2509,3.6
2510,1.5
2511,3.0
2512,3.0
2513,2.0
2514,2.9
2515,3.9
2516,2.6
2517,3.6
2518,1.0
2519,1.0
2520,3.7
2521,3.9
2522,3.7
2523,2.8
2524,3.2
2525,1.9
2526,3.0
2527,2.8
2528,3.8
2529,1.4
2530,3.3
2531,2.4
2532,3.0
2533,1.2
2534,3.3
2535,3.3
2536,1.1
2537,1.8
2538,3.7
2539,3.5
2540,3.5
2541,1.7
2542,2.7
2543,2.1
2544,3.0
2545,1.9
2546,2.2
2547,2.0
2548,3.2
2549,1.6
2550,2.2
2551,2.6
2552,1.6
2553,2.3
2554,1.4
2555,3.2
2556,1.6
2557,2.8
2558,3.3
2559,3.4
2560,2.3
2561,2.8
2562,3.5
2563,1.5
2564,1.7
2565,1.3
2566,2.7
2567,2.6
2568,3.3
2569,3.5
2570,2.3
2571,1.5
2572,2.4
2573,2.3
2574,1.3
2575,1.1
2576,1.5
2577,2.1
2578,1.8
2579,3.2
2580,1.3
2581,3.3
2582,3.4
2583,1.8
2584,1.1
2585,1.8
2586,1.8
2587,2.6
2588,2.7
2589,2.8
2590,2.9
2591,1.0
2592,1.0
2593,2.0
2594,3.0
2595,3.8
2596,3.3
2597,1.8
2598,2.3
2599,2.7
2600,2.5
2601,1.8
2602,1.9
2603,3.1
2604,3.8
2605,2.5
2606,2.7
2607,3.9
2608,1.7
2609,1.7
2610,3.8
2611,3.7
2612,2.9
2613,3.6
2614,1.5
2615,2.9
2616,3.3
2617,3.8
2618,2.5
2619,1.2
2620,2.3
2621,3.8
2622,1.7
2623,1.4
2624,1.2
2625,3.2
2626,2.6
2627,3.5
2628,1.8
2629,3.5
2630,3.1
2631,2.5
2632,2.1
2633,3.4
2634,2.6
2635,2.4
2636,3.5
2637,3.9
2638,2.8
2639,1.1
2640,1.2
2641,1.4
2642,1.6
2643,2.5
2644,1.2
2645,3.3
2646,3.1
2647,1.7
2648,1.4
2649,1.5
2650,3.0
2651,2.5
2652,2.6
2653,1.7
2654,1.9
2655,1.7
2656,3.2
2657,4.0
2658,3.5
2659,3.3
2660,3.6
2661,3.0
2662,1.7
2663,1.5
2664,1.3
2665,3.2
2666,1.4
2667,3.6
2668,3.6
2669,1.4
2670,2.1
2671,1.5
2672,2.0
2673,2.6
2674,1.6
2675,3.9
2676,1.6
2677,2.9
2678,1.8
2679,3.5
2680,3.3
2681,2.5
2682,1.5
2683,1.2
2684,3.0
2685,2.7
2686,2.0
2687,3.5
2688,2.9
2689,3.8
2690,3.0
2691,2.0
2692,2.2
2693,3.2
2694,3.7
2695,1.6
2696,1.3
2697,3.4
2698,2.4
2699,1.2
2700,3.8
2701,3.1
2702,3.6
2703,1.3
2704,1.7
2705,3.8
2706,3.1
2707,2.6
2708,1.5
2709,1.4
2710,1.9
2711,3.4
2712,2.0
2713,2.5
2714,1.2
2715,3.6
2716,1.5
2717,1.2
2718,2.0
2719,1.7
2720,3.4
2721,1.0
2722,3.2
2723,1.5
2724,1.3
2725,3.4
2726,3.4
2727,2.2
2728,2.9
2729,3.2
2730,2.3
2731,1.8
2732,1.6
2733,1.2
2734,2.1
2735,1.5
2736,1.7
2737,1.9
2738,1.4
2739,2.9
2740,3.2
2741,3.8
2742,1.0
2743,4.0
2744,3.1
2745,2.2
2746,3.8
2747,3.8
2748,1.9
2749,3.9
2750,3.3
2751,4.0
2752,3.6
2753,1.3
2754,3.5
2755,1.4
2756,1.8
2757,3.0
2758,1.6
2759,2.6
2760,1.0
2761,3.3
2762,3.9
2763,3.9
2764,1.2
2765,2.1
2766,2.5
2767,1.4
2768,3.2
2769,1.0
2770,3.7
2771,1.8
2772,3.3
2773,4.0
2774,2.4
2775,3.9
2776,1.4
2777,1.1
2778,1.3
2779,2.7
2780,2.4
2781,2.6
2782,2.9
2783,3.6
2784,3.4
2785,2.8
2786,1.7
2787,1.8
2788,1.2
2789,2.7
2790,1.7
2791,2.6
2792,1.5
2793,3.6
2794,3.7
2795,1.8
2796,1.4
2797,3.4
2798,1.1
2799,3.4
2800,2.1
2801,4.0
2802,3.9
2803,3.3
2804,3.2
2805,3.9
2806,1.4
2807,3.2
2808,2.2
2809,1.0
2810,3.3
2811,3.3
2812,1.3
2813,3.3
2814,1.2
2815,1.9
2816,1.1
2817,2.8
2818,3.0
2819,2.4
2820,1.5
2821,2.3
2822,3.0
2823,1.4
2824,2.0
2825,2.6
2826,3.2
2827,2.0
2828,2.2
2829,2.0
2830,3.0
2831,1.5
2832,2.1
2833,3.5
2834,2.8
2835,3.8
2836,2.5
2837,1.3
2838,2.6
2839,3.0
2840,1.6
2841,2.4
2842,2.2
2843,2.0
2844,2.5
2845,2.2
2846,3.0
2847,3.8
2848,3.1
2849,2.6
2850,1.7
2851,3.4
2852,3.6
2853,1.5
2854,1.8
2855,1.3
2856,1.3
2857,1.6
2858,2.2
2859,3.3
2860,1.0
2861,1.4
2862,3.6
2863,2.9
2864,2.2
2865,2.6
2866,1.7
2867,3.0
2868,2.7
2869,2.7
2870,3.8
2871,1.8
2872,2.4
2873,2.5
2874,2.7
2875,3.4
2876,3.8
2877,2.6
2878,1.0
2879,3.9
2880,1.8
2881,1.2
2882,4.0
2883,3.3
2884,2.6
2885,3.7
2886,3.8
2887,3.1
2888,2.1
2889,1.2
2890,1.0
2891,2.2
2892,2.7
2893,2.9
2894,1.2
2895,1.9
2896,1.6
2897,1.3
2898,1.8
2899,2.1
2900,3.1
2901,3.5
2902,1.3
2903,3.1
2904,2.7
2905,3.6
2906,2.9
2907,3.9
2908,1.4
2909,2.4
2910,2.5
2911,1.1
2912,1.5
2913,3.9
2914,3.4
2915,3.5
2916,2.0
2917,1.7
2918,3.4
2919,2.9
2920,2.1
2921,1.9
2922,2.2
2923,4.0
2924,2.5
2925,3.6
2926,1.8
2927,3.3
2928,1.6
2929,3.2
2930,1.1
2931,1.7
2932,3.7
2933,3.4
2934,1.7
2935,1.9
2936,3.5
2937,2.4
2938,3.6
2939,3.6
2940,1.9
2941,2.4
2942,1.4
2943,3.2
2944,3.2
2945,2.7
2946,3.1
2947,3.5
2948,1.8
2949,2.9
2950,2.1
2951,2.4
2952,1.1
2953,3.8
2954,1.7
2955,3.3
2956,2.5
2957,3.7
2958,2.4
2959,1.7
2960,3.4
2961,1.1
2962,1.7
2963,3.6
2964,3.1
2965,3.9
2966,4.0
2967,3.2
2968,3.8
2969,1.6
2970,3.1
2971,2.4
2972,2.0
2973,2.7
2974,3.0
2975,2.6
2976,3.6
2977,3.8
2978,1.2
2979,1.2
2980,2.2
2981,2.4
2982,3.9
2983,2.2
2984,3.3
2985,2.8
2986,1.9
2987,3.4
2988,2.1
2989,3.0
2990,1.5
2991,2.2
2992,2.4
2993,3.0
2994,2.4
2995,2.7
2996,2.4
2997,2.3
2998,3.1
2999,1.3
3000,3.7
3001,2.8
3002,2.7
3003,2.5
3004,3.7
3005,1.2
3006,2.9
3007,3.4
3008,4.0
3009,1.4
3010,3.5
3011,3.9
3012,3.2
3013,1.4
3014,3.9
3015,1.8
3016,3.7
3017,1.6
3018,2.5
3019,1.2
3020,2.0
3021,1.6
3022,3.5
3023,1.2
3024,2.7
3025,3.0
3026,1.2
3027,2.3
3028,1.8
3029,3.9
3030,3.2
3031,4.0
3032,1.3
3033,2.8
3034,3.0
3035,1.7
3036,2.1
3037,2.4
3038,1.1
3039,2.6
3040,2.4
3041,1.5
3042,2.7
3043,2.4
3044,2.7
3045,1.3
3046,3.7
3047,1.2
3048,3.9
3049,3.4
3050,2.7
3051,3.1
3052,3.7
3053,1.3
3054,3.8
3055,3.1
3056,3.6
3057,3.0
3058,3.3
3059,2.3
3060,1.5
3061,2.5
3062,1.6
3063,3.6
3064,1.4
3065,1.3
3066,2.2
3067,3.1
3068,1.1
3069,1.2
3070,3.4
3071,2.3
3072,2.4
3073,1.8
3074,2.7
3075,1.8
3076,2.6
3077,1.1
3078,3.9
3079,2.0
3080,1.9
3081,3.0
3082,1.4
3083,1.7
3084,3.1
3085,2.1
3086,1.2
3087,2.0
3088,2.4
3089,2.0
3090,3.7
3091,2.8
3092,1.2
3093,3.0
3094,3.1
3095,2.4
3096,1.9
3097,1.7
3098,2.7
3099,3.9
3100,1.4
3101,1.4
3102,2.0
3103,2.2
3104,2.9
3105,3.8
3106,2.6
3107,2.1
3108,3.9
3109,3.6
3110,3.9
3111,2.6
3112,3.3
3113,2.4
3114,3.8
3115,2.1
3116,3.0
3117,2.0
3118,3.1
3119,2.0
3120,1.2
3121,2.0
3122,3.4
3123,2.2
3124,2.9
3125,1.2
3126,2.9
3127,1.1
3128,1.2
3129,1.4
3130,2.1
3131,1.1
3132,2.6
3133,1.3
3134,3.7
3135,2.9
3136,2.0
3137,2.7
3138,2.3
3139,1.1
3140,1.3
3141,1.1
3142,2.9
3143,3.7
3144,1.4
3145,3.6
3146,3.1
3147,1.9
3148,3.8
3149,2.9
3150,2.5
3151,1.6
3152,3.5
3153,2.9
3154,2.5
3155,3.2
3156,1.2
3157,2.3
3158,1.1
3159,3.1
3160,3.0
3161,1.7
3162,2.0
3163,2.3
3164,3.1
3165,1.8
3166,2.7
3167,1.2
3168,1.2
3169,3.6
3170,1.8
3171,4.0
3172,1.2
3173,2.3
3174,1.6
3175,4.0
3176,2.6
3177,3.3
3178,2.6
3179,3.0
3180,1.3
3181,1.3
3182,2.5
3183,2.3
3184,4.0
3185,2.2
3186,1.1
3187,2.7
3188,1.2
3189,2.1
3190,1.2
3191,3.5
3192,2.9
3193,1.7
3194,2.4
3195,1.2
3196,3.2
3197,2.4
3198,1.5
3199,2.0
3200,2.6
3201,3.0
3202,1.9
3203,3.1
3204,4.0
3205,1.6
3206,1.0
3207,1.5
3208,1.3
3209,3.8
3210,3.9
3211,1.4
3212,2.4
3213,1.3
3214,2.3
3215,2.9
3216,3.8
3217,3.6
3218,2.7
3219,2.0
3220,2.1
3221,1.6
3222,1.5
3223,1.4
3224,2.0
3225,2.9
3226,2.7
3227,3.3
3228,2.0
3229,2.3
3230,3.8
3231,2.1
3232,1.9
3233,2.8
3234,2.1
3235,1.7
3236,1.6
3237,3.2
3238,2.8
3239,2.4
3240,2.8
3241,1.6
3242,3.9
3243,3.1
3244,1.3
3245,2.3
3246,4.0
3247,2.8
3248,1.2
3249,3.6
3250,2.6
3251,2.3
3252,1.7
3253,1.4
3254,1.0
3255,2.5
3256,3.2
3257,1.9
3258,1.2
3259,2.5
3260,1.6
3261,3.4
3262,1.3
3263,2.5
3264,1.7
3265,2.5
3266,1.7
3267,3.8
3268,2.6
3269,3.1
3270,3.0
3271,3.4
3272,1.2
3273,1.6
3274,1.7
3275,3.2
3276,2.7
3277,1.2
3278,2.4
3279,3.7
3280,2.9
3281,3.5
3282,1.1
3283,1.2
3284,1.4
3285,2.4
3286,2.4
3287,1.8
3288,3.7
3289,2.3
3290,1.3
3291,1.3
3292,1.6
3293,1.8
3294,1.6
3295,3.7
3296,3.7
3297,2.9
3298,1.6
3299,2.6
3300,1.3
3301,2.9
3302,2.2
3303,3.7
3304,2.0
3305,3.2
3306,3.2
3307,1.2
3308,2.0
3309,2.3
3310,2.5
3311,3.9
3312,1.2
3313,2.0
3314,2.4
3315,1.2
3316,3.7
3317,1.1
3318,2.0
3319,4.0
3320,3.7
3321,1.7
3322,2.6
3323,3.1
3324,2.4
3325,3.9
3326,1.3
3327,2.9
3328,2.6
3329,2.3
3330,3.3
3331,3.4
3332,1.7
3333,2.2
3334,3.0
3335,1.4
3336,3.3
3337,2.7
3338,1.8
3339,3.9
3340,2.8
3341,2.3
3342,1.9
3343,3.6
3344,1.6
3345,4.0
3346,1.4
3347,1.0
3348,1.4
3349,2.4
3350,3.4
3351,2.7
3352,3.5
3353,3.4
3354,2.1
3355,1.4
3356,1.8
3357,3.7
3358,3.0
3359,2.7
3360,3.9
3361,1.7
3362,1.4
3363,2.3
3364,3.2
3365,1.7
3366,3.2
3367,2.9
3368,3.1
3369,1.1
3370,1.7
3371,2.0
3372,1.2
3373,2.0
3374,2.1
3375,2.6
3376,3.8
3377,1.1
3378,2.5
3379,3.0
3380,2.6
3381,3.9
3382,1.8
3383,3.5
3384,1.1
3385,1.2
3386,1.6
3387,3.2
3388,2.7
3389,2.7
3390,3.1
3391,3.2
3392,1.8
3393,2.2
3394,2.7
3395,3.1
3396,3.1
3397,2.2
3398,3.0
3399,3.8
3400,2.6
3401,2.9
3402,1.5
3403,2.9
3404,2.8
3405,1.2
3406,2.1
3407,3.4
3408,2.3
3409,3.9
3410,3.4
3411,2.6
3412,2.5
3413,1.4
3414,2.9
3415,1.4
3416,2.4
3417,2.8
3418,4.0
3419,1.5
3420,3.9
3421,1.3
3422,3.2
3423,2.5
3424,1.2
3425,2.2
3426,3.1
3427,3.1
3428,3.3
3429,1.3
3430,1.5
3431,2.1
3432,1.4
3433,1.1
3434,2.6
3435,1.1
3436,1.9
3437,2.3
3438,3.4
3439,2.1
3440,1.6
3441,3.7
3442,2.2
3443,2.6
3444,3.1
3445,2.2
3446,1.7
3447,1.0
3448,3.7
3449,3.3
3450,3.1
3451,2.7
3452,1.3
3453,3.8
3454,1.2
3455,3.8
3456,1.3
3457,1.9
3458,2.2
3459,2.8
3460,1.1
3461,3.6
3462,3.5
3463,2.8
3464,4.0
3465,1.3
3466,2.7
3467,2.4
3468,1.3
3469,1.3
3470,3.6
3471,2.4
3472,3.3
3473,3.8
3474,2.8
3475,1.4
3476,2.3
3477,3.8
3478,1.7
3479,1.6
3480,2.2
3481,2.4
3482,3.9
3483,4.0
3484,3.9
3485,1.5
3486,3.1
3487,3.5
3488,3.2
3489,3.4
3490,2.6
3491,3.7
3492,3.0
3493,3.3
3494,2.3
3495,3.8
3496,3.5
3497,2.0
3498,2.9
3499,1.8
3500,1.5
3501,3.6
3502,3.1
3503,1.6
3504,1.4
3505,1.2
3506,1.9
3507,3.0
3508,2.7
3509,1.8
3510,2.0
3511,1.2
3512,3.5
3513,3.6
3514,3.4
3515,3.8
3516,3.2
3517,2.9
3518,2.4
3519,3.3
3520,1.8
3521,1.3
3522,1.9
3523,2.6
3524,3.0
3525,1.4
3526,1.2
3527,3.8
3528,1.7
3529,2.1
3530,1.6
3531,1.6
3532,2.3
3533,1.8
3534,3.4
3535,3.6
3536,1.9
3537,3.3
3538,2.5
3539,1.1
3540,1.8
3541,1.3
3542,3.0
3543,2.7
3544,2.0
3545,1.7
3546,2.8
3547,3.1
3548,2.5
3549,1.7
3550,3.5
3551,3.8
3552,2.2
3553,3.8
3554,2.4
3555,1.2
3556,2.5
3557,3.6
3558,2.7
3559,3.6
3560,2.4
3561,3.6
3562,3.8
3563,3.7
3564,1.7
3565,2.1
3566,2.2
3567,2.1
3568,2.4
3569,2.9
3570,1.5
3571,1.3
3572,2.4
3573,3.5
3574,1.8
3575,3.1
3576,2.0
3577,3.2
3578,3.0
3579,2.8
3580,1.1
3581,1.6
3582,1.1
3583,1.1
3584,2.7
3585,1.5
3586,2.2
3587,1.4
3588,2.3
3589,2.5
3590,3.3
3591,1.6
3592,2.7
3593,2.7
3594,2.3
3595,3.2
3596,3.1
3597,2.8
3598,1.9
3599,3.3
3600,3.6
3601,3.2
3602,1.2
3603,2.2
3604,3.4
3605,1.2
3606,1.9
3607,3.9
3608,2.9
3609,3.8
3610,3.9
3611,2.4
3612,3.3
3613,1.8
3614,1.4
3615,1.3
3616,3.3
3617,1.0
3618,2.9
3619,1.9
3620,3.0
3621,2.3
3622,3.0
3623,2.9
3624,3.5
3625,3.5
3626,2.0
3627,3.9
3628,1.5
3629,1.1
3630,1.2
3631,1.5
3632,3.0
3633,1.8
3634,1.3
3635,3.4
3636,1.0
3637,3.1
3638,2.6
3639,2.4
3640,2.0
3641,3.2
3642,1.9
3643,2.4
3644,2.2
3645,2.2
3646,2.1
3647,1.1
3648,2.5
3649,3.7
3650,1.7
3651,4.0
3652,1.4
3653,2.9
3654,3.5
3655,2.3
3656,3.2
3657,1.7
3658,1.5
3659,1.6
3660,2.4
3661,2.9
3662,2.2
3663,1.8
3664,3.9
3665,3.3
3666,3.9
3667,3.4
3668,2.1
3669,1.5
3670,3.2
3671,1.7
3672,1.9
3673,1.3
3674,3.0
3675,1.3
3676,3.7
3677,2.6
3678,2.8
3679,2.9
3680,1.2
3681,3.4
3682,3.3
3683,3.6
3684,1.4
3685,2.9
3686,2.3
3687,2.2
3688,3.2
3689,1.5
3690,3.5
3691,2.6
3692,2.2
3693,2.2
3694,1.7
3695,2.5
3696,3.9
3697,3.9
3698,2.7
3699,3.2
3700,2.6
3701,2.7
3702,2.3
3703,3.7
3704,3.7
3705,3.1
3706,3.2
3707,3.5
3708,2.4
3709,2.1
3710,1.9
3711,2.2
3712,3.9
3713,2.0
3714,2.5
3715,3.2
3716,2.6
3717,2.5
3718,1.7
3719,1.1
3720,3.7
3721,2.4
3722,2.8
3723,1.4
3724,3.8
3725,3.3
3726,2.7
3727,3.7
3728,2.6
3729,1.5
3730,2.8
3731,1.6
3732,1.4
3733,3.3
3734,2.8
3735,3.9
3736,3.2
3737,2.5
3738,2.5
3739,1.8
3740,1.1
3741,3.1
3742,2.3
3743,3.8
3744,2.4
3745,3.8
3746,2.1
3747,2.4
3748,1.1
3749,2.1
3750,1.4
3751,1.5
3752,2.2
3753,2.6
3754,1.9
3755,3.3
3756,1.4
3757,1.0
3758,1.9
3759,2.5
3760,3.8
3761,2.6
3762,2.4
3763,2.6
3764,3.4
3765,2.9
3766,1.8
3767,3.9
3768,3.6
3769,2.4
3770,3.7
3771,3.5
3772,2.4
3773,3.6
3774,1.1
3775,1.9
3776,2.5
3777,3.1
3778,2.0
3779,1.2
3780,1.2
3781,3.4
3782,3.4
3783,2.2
3784,3.8
3785,1.8
3786,2.9
3787,1.4
3788,3.3
3789,3.2
3790,3.6
3791,2.2
3792,1.7
3793,1.7
3794,3.0
3795,2.3
3796,3.5
3797,2.9
3798,2.2
3799,3.5
3800,2.3
3801,3.7
3802,1.6
3803,2.5
3804,1.5
3805,2.5
3806,3.0
3807,3.5
3808,1.5
3809,1.2
3810,3.7
3811,3.6
3812,3.7
3813,2.1
3814,2.3
3815,3.3
3816,2.9
3817,1.0
3818,1.7
3819,1.1
3820,3.6
3821,3.5
3822,3.3
3823,3.3
3824,1.6
3825,3.1
3826,1.9
3827,3.1
3828,3.4
3829,3.6
3830,1.7
3831,2.4
3832,3.5
3833,4.0
3834,2.9
3835,1.5
3836,1.6
3837,3.7
3838,2.2
3839,1.0
3840,2.2
3841,2.4
3842,1.3
3843,3.5
3844,3.2
3845,1.2
3846,4.0
3847,3.4
3848,3.4
3849,2.8
3850,1.0
3851,3.9
3852,1.4
3853,2.3
3854,2.3
3855,1.8
3856,2.4
3857,2.4
3858,3.2
3859,1.8
3860,4.0
3861,1.1
3862,2.1
3863,1.9
3864,1.7
3865,1.6
3866,1.3
3867,2.8
3868,2.7
3869,1.5
3870,1.5
3871,2.1
3872,1.5
3873,2.7
3874,1.7
3875,3.0
3876,2.6
3877,1.1
3878,4.0
3879,3.7
3880,2.5
3881,2.6
3882,3.0
3883,1.7
3884,3.0
3885,4.0
3886,3.8
3887,1.7
3888,2.0
3889,3.4
3890,3.4
3891,2.2
3892,1.0
3893,1.7
3894,1.9
3895,1.7
3896,3.9
3897,2.7
3898,1.9
3899,3.3
3900,3.8
3901,2.2
3902,2.7
3903,2.7
3904,3.4
3905,1.6
3906,1.4
3907,2.5
3908,3.1
3909,2.2
3910,3.8
3911,1.6
3912,3.6
3913,1.5
3914,3.5
3915,3.1
3916,3.6
3917,2.8
3918,2.7
3919,2.6
3920,3.3
3921,3.5
3922,3.1
3923,2.9
3924,1.6
3925,1.6
3926,1.1
3927,3.6
3928,3.1
3929,2.8
3930,3.6
3931,2.5
3932,3.0
3933,3.1
3934,3.4
3935,2.9
3936,2.5
3937,3.6
3938,1.4
3939,2.7
3940,2.9
3941,1.6
3942,3.0
3943,3.8
3944,2.2
3945,3.3
3946,1.8
3947,2.7
3948,1.2
3949,3.9
3950,2.1
3951,3.1
3952,1.6
3953,2.5
3954,1.4
3955,3.0
3956,3.6
3957,1.6
3958,2.9
3959,3.5
3960,2.1
3961,3.4
3962,1.6
3963,2.9
3964,1.2
3965,4.0
3966,3.8
3967,2.5
3968,3.4
3969,2.0
3970,2.4
3971,1.1
3972,1.8
3973,3.8
3974,3.7
3975,3.8
3976,2.1
3977,2.7
3978,1.6
3979,3.2
3980,3.1
3981,2.7
3982,3.8
3983,3.1
3984,2.7
3985,3.4
3986,1.0
3987,4.0
3988,3.8
3989,2.8
3990,2.0
3991,2.9
3992,2.6
3993,3.5
3994,3.8
3995,3.0
3996,2.2
3997,3.8
3998,3.3
3999,2.6
4000,1.3
4001,2.9
4002,2.2
4003,2.3
4004,2.1
4005,2.7
4006,3.3
4007,3.7
4008,3.2
4009,3.3
4010,3.8
4011,3.3
4012,3.1
4013,3.6
4014,3.4
4015,2.4
4016,3.3
4017,3.8
4018,3.3
4019,2.6
4020,3.5
4021,1.6
4022,1.8
4023,3.6
4024,3.3
4025,2.1
4026,1.1
4027,2.4
4028,2.5
4029,1.8
4030,3.6
4031,2.1
4032,1.6
4033,1.1
4034,1.0
4035,3.0
4036,2.9
4037,2.8
4038,3.6
4039,3.4
4040,2.5
4041,2.1
4042,1.4
4043,1.8
4044,2.6
4045,1.1
4046,3.2
4047,3.3
4048,2.6
4049,3.7
4050,2.3
4051,2.9
4052,1.7
4053,1.8
4054,2.0
4055,1.6
4056,1.6
4057,2.5
4058,3.3
4059,3.5
4060,3.4
4061,3.2
4062,2.9
4063,2.4
4064,2.7
4065,2.9
4066,2.2
4067,2.1
4068,1.7
4069,2.5
4070,1.4
4071,2.9
4072,1.0
4073,2.2
4074,1.5
4075,3.0
4076,1.0
4077,3.1
4078,3.4
4079,1.8
4080,1.6
4081,1.9
4082,1.1
4083,3.6
4084,1.4
4085,3.9
4086,1.4
4087,1.5
4088,2.7
4089,1.7
4090,1.1
4091,3.8
4092,3.5
4093,1.4
4094,3.3
4095,2.2
4096,2.7
4097,2.2
4098,1.5
4099,1.1
4100,3.4
4101,2.5
4102,1.6
4103,3.7
4104,1.1
4105,1.8
4106,2.5
4107,3.7
4108,2.0
4109,3.8
4110,2.3
4111,3.4
4112,3.0
4113,3.6
4114,2.4
4115,2.6
4116,1.9
4117,3.0
4118,1.4
4119,2.9
4120,2.4
4121,3.7
4122,3.6
4123,1.6
4124,3.5
4125,3.2
4126,1.2
4127,3.8
4128,3.5
4129,1.4
4130,1.1
4131,1.4
4132,3.5
4133,3.1
4134,1.9
4135,3.1
4136,2.6
4137,3.2
4138,3.0
4139,2.0
4140,2.2
4141,2.8
4142,3.5
4143,1.1
4144,1.4
4145,3.0
4146,3.4
4147,3.1
4148,2.5
4149,2.3
4150,1.6
4151,1.5
4152,3.0
4153,3.4
4154,3.3
4155,1.8
4156,2.6
4157,2.3
4158,3.9
4159,3.2
4160,1.6
4161,2.5
4162,2.6
4163,2.2
4164,1.1
4165,3.4
4166,2.7
4167,3.8
4168,2.0
4169,2.0
4170,1.7
4171,1.7
4172,3.9
4173,1.1
4174,1.9
4175,3.5
4176,2.1
4177,3.5
4178,3.3
4179,2.8
4180,3.7
4181,2.9
4182,3.0
4183,1.8
4184,2.5
4185,1.8
4186,3.9
4187,3.0
4188,2.9
4189,3.2
4190,3.6
4191,2.8
4192,1.3
4193,1.7
4194,3.9
4195,2.0
4196,1.3
4197,1.9
4198,2.1
4199,1.3
4200,1.8
4201,1.7
4202,3.2
4203,3.9
4204,2.7
4205,1.9
4206,3.6
4207,2.6
4208,1.5
4209,3.2
4210,1.7
4211,2.8
4212,1.4
4213,3.3
4214,1.5
4215,2.9
4216,3.6
4217,2.7
4218,2.3
4219,2.0
4220,2.1
4221,1.4
4222,3.2
4223,1.0
4224,1.3
4225,2.8
4226,3.2
4227,2.1
4228,1.2
4229,2.1
4230,1.2
4231,2.3
4232,1.4
4233,3.0
4234,3.7
4235,3.6
4236,2.5
4237,2.9
4238,2.7
4239,3.2
4240,1.4
4241,3.0
4242,1.8
4243,1.5
4244,4.0
4245,3.6
4246,2.7
4247,2.8
4248,2.5
4249,3.8
4250,1.0
4251,1.8
4252,1.2
4253,3.7
4254,3.9
4255,2.0
4256,3.6
4257,1.6
4258,3.2
4259,1.2
4260,1.0
4261,3.9
4262,2.4
4263,3.2
4264,2.1
4265,3.2
4266,3.7
4267,1.6
4268,1.4
4269,2.2
4270,3.0
4271,1.4
4272,1.4
4273,1.0
4274,2.0
4275,1.7
4276,3.1
4277,1.6
4278,1.8
4279,1.8
4280,2.1
4281,3.9
4282,3.5
4283,1.5
4284,3.5
4285,1.6
4286,3.5
4287,1.3
4288,3.3
4289,2.5
4290,1.1
4291,2.0
4292,2.2
4293,2.4
4294,1.9
4295,1.1
4296,2.5
4297,2.0
4298,1.6
4299,3.1
4300,3.3
4301,1.5
4302,3.7
4303,3.4
4304,2.3
4305,4.0
4306,2.1
4307,1.2
4308,1.8
4309,3.2
4310,4.0
4311,2.7
4312,2.8
4313,1.1
4314,2.1
4315,3.5
4316,3.0
4317,1.4
4318,3.5
4319,1.3
4320,2.9
4321,2.6
4322,2.9
4323,2.5
4324,2.8
4325,1.2
4326,2.5
4327,1.8
4328,2.7
4329,2.6
4330,1.4
4331,2.4
4332,1.9
4333,3.2
4334,3.5
4335,1.6
4336,2.4
4337,3.1
4338,2.1
4339,3.6
4340,4.0
4341,1.9
4342,1.6
4343,2.1
4344,2.5
4345,2.7
4346,3.4
4347,3.2
4348,3.3
4349,1.6
4350,1.4
4351,3.8
4352,1.7
4353,3.5
4354,1.7
4355,3.7
4356,2.6
4357,3.8
4358,2.2
4359,3.8
4360,3.0
4361,1.8
4362,1.4
4363,1.2
4364,1.1
4365,3.2
4366,3.7
4367,3.1
4368,1.2
4369,1.3
4370,3.4
4371,1.7
4372,2.0
4373,3.8
4374,3.7
4375,2.2
4376,3.1
4377,2.0
4378,3.5
4379,1.7
4380,2.5
4381,2.4
4382,2.0
4383,2.2
4384,1.1
4385,1.5
4386,3.2
4387,1.7
4388,3.7
4389,3.6
4390,1.5
4391,1.7
4392,2.0
4393,1.9
4394,1.4
4395,2.4
4396,2.9
4397,1.5
4398,1.5
4399,1.6
4400,1.5
4401,3.0
4402,2.3
4403,2.0
4404,1.2
4405,2.9
4406,2.8
4407,2.3
4408,1.4
4409,1.3
4410,3.8
4411,1.9
4412,3.9
4413,1.9
4414,1.6
4415,3.7
4416,2.3
4417,1.1
4418,2.8
4419,1.5
4420,1.3
4421,2.5
4422,1.4
4423,3.7
4424,3.2
4425,2.9
4426,1.5
4427,2.7
4428,1.1
4429,2.1
4430,1.9
4431,3.8
4432,3.4
4433,2.3
4434,2.7
4435,2.6
4436,2.6
4437,3.2
4438,1.9
4439,3.5
4440,3.7
4441,3.8
4442,3.7
4443,2.6
4444,3.9
4445,1.9
4446,3.5
4447,1.3
4448,2.3
4449,3.9
4450,2.3
4451,1.7
4452,2.1
4453,2.4
4454,3.1
4455,3.4
4456,1.0
4457,1.6
4458,3.6
4459,1.5
4460,1.1
4461,2.5
4462,1.4
4463,1.3
4464,1.7
4465,1.3
4466,1.1
4467,2.2
4468,1.4
4469,1.0
4470,3.1
4471,2.3
4472,2.4
4473,1.6
4474,1.4
4475,3.7
4476,3.8
4477,1.6
4478,1.5
4479,3.6
4480,2.2
4481,2.5
4482,3.2
4483,1.6
4484,3.9
4485,3.2
4486,3.7
4487,1.2
4488,2.6
4489,1.7
4490,3.3
4491,2.0
4492,3.3
4493,1.5
4494,2.7
4495,3.1
4496,3.5
4497,1.3
4498,2.0
4499,3.0
4500,2.8
4501,3.4
4502,1.9
4503,3.5
4504,1.4
4505,2.0
4506,3.9
4507,2.4
4508,2.4
4509,1.4
4510,3.7
4511,3.4
4512,2.4
4513,2.7
4514,2.1
4515,2.1
4516,1.1
4517,3.0
4518,3.8
4519,2.4
4520,3.9
4521,2.6
4522,2.6
4523,3.1
4524,1.5
4525,1.1
4526,3.1
4527,3.6
4528,1.4
4529,3.1
4530,2.8
4531,3.2
4532,3.7
4533,2.2
4534,2.0
4535,3.2
4536,3.4
4537,2.8
4538,1.1
4539,3.9
4540,3.6
4541,1.8
4542,1.2
4543,2.0
4544,3.5
4545,3.0
4546,3.3
4547,1.0
4548,3.3
4549,2.1
4550,3.4
4551,3.2
4552,1.1
4553,2.9
4554,1.8
4555,2.0
4556,3.2
4557,2.9
4558,1.7
4559,2.7
4560,2.4
4561,3.8
4562,1.2
4563,3.1
4564,3.7
4565,1.7
4566,1.2
4567,3.9
4568,2.5
4569,2.0
4570,3.0
4571,2.9
4572,3.5
4573,1.9
4574,1.9
4575,2.3
4576,1.0
4577,1.8
4578,1.9
4579,3.2
4580,2.7
4581,1.2
4582,1.8
4583,1.3
4584,1.9
4585,3.8
4586,3.5
4587,3.9
4588,1.3
4589,2.4
4590,3.9
4591,3.8
4592,1.0
4593,3.9
4594,3.2
4595,2.4
4596,3.5
4597,2.9
4598,3.2
4599,2.1
4600,2.4
4601,2.9
4602,1.3
4603,3.4
4604,3.0
4605,3.4
4606,1.1
4607,1.2
4608,1.7
4609,2.7
4610,2.1
4611,1.6
4612,2.4
4613,3.0
4614,2.9
4615,2.4
4616,3.0
4617,2.9
4618,3.9
4619,1.1
4620,1.1
4621,3.7
4622,3.5
4623,1.4
4624,3.4
4625,3.2
4626,3.3
4627,1.3
4628,2.3
4629,1.1
4630,1.8
4631,2.6
4632,3.1
4633,1.7
4634,1.8
4635,2.1
4636,3.6
4637,2.3
4638,1.4
4639,3.6
4640,3.6
4641,3.7
4642,3.1
4643,2.5
4644,3.5
4645,2.9
4646,1.2
4647,4.0
4648,3.6
4649,2.1
4650,3.6
4651,3.0
4652,1.6
4653,3.3
4654,2.7
4655,2.6
4656,3.6
4657,3.6
4658,3.7
4659,3.2
4660,2.3
4661,3.9
4662,2.2
4663,3.0
4664,3.2
4665,3.2
4666,1.1
4667,1.5
4668,1.1
4669,1.1
4670,2.3
4671,2.8
4672,2.7
4673,1.8
4674,1.3
4675,3.4
4676,1.6
4677,3.1
4678,3.4
4679,2.5
4680,2.4
4681,2.3
4682,2.7
4683,3.1
4684,2.7
4685,1.8
4686,2.0
4687,1.4
4688,1.1
4689,1.8
4690,3.9
4691,3.9
4692,3.1
4693,3.8
4694,2.4
4695,2.5
4696,3.7
4697,1.8
4698,2.4
4699,3.5
4700,2.6
4701,3.6
4702,2.5
4703,3.5
4704,2.5
4705,3.4
4706,1.2
4707,1.9
4708,1.6
4709,3.7
4710,2.6
4711,3.6
4712,1.7
4713,3.9
4714,1.9
4715,1.7
4716,1.9
4717,4.0
4718,1.9
4719,2.4
4720,2.4
4721,2.1
4722,2.5
4723,1.5
4724,1.6
4725,2.1
4726,3.5
4727,3.7
4728,3.7
4729,2.5
4730,3.2
4731,2.7
4732,3.7
4733,2.7
4734,1.6
4735,2.5
4736,2.2
4737,3.7
4738,3.8
4739,2.9
4740,1.3
4741,1.9
4742,2.7
4743,3.3
4744,3.7
4745,3.7
4746,1.9
4747,3.6
4748,1.2
4749,3.9
4750,1.5
4751,2.8
4752,3.0
4753,2.0
4754,3.8
4755,1.0
4756,1.1
4757,1.2
4758,2.4
4759,2.8
4760,3.1
4761,2.9
4762,3.5
4763,1.2
4764,3.0
4765,1.6
4766,2.5
4767,1.5
4768,1.3
4769,2.7
4770,3.5
4771,1.6
4772,3.4
4773,2.7
4774,1.3
4775,1.7
4776,1.1
4777,3.5
4778,1.1
4779,1.5
4780,1.2
4781,2.3
4782,3.3
4783,3.3
4784,1.1
4785,1.7
4786,1.8
4787,3.6
4788,3.7
4789,2.9
4790,3.8
4791,2.0
4792,3.8
4793,1.4
4794,3.3
4795,4.0
4796,3.8
4797,1.1
4798,3.0
4799,2.4
4800,1.3
4801,3.9
4802,2.1
4803,3.9
4804,1.3
4805,1.1
4806,2.0
4807,3.3
4808,3.6
4809,2.9
4810,2.5
4811,1.6
4812,2.6
4813,1.1
4814,3.3
4815,1.5
4816,3.2
4817,3.7
4818,1.3
4819,3.9
4820,2.0
4821,2.6
4822,3.2
4823,3.6
4824,1.7
4825,2.6
4826,3.5
4827,2.7
4828,1.3
4829,3.2
4830,1.6
4831,1.3
4832,1.9
4833,3.9
4834,2.5
4835,2.8
4836,2.4
4837,2.6
4838,2.7
4839,1.3
4840,1.0
4841,1.1
4842,1.8
4843,1.2
4844,2.6
4845,2.9
4846,1.9
4847,1.2
4848,3.7
4849,2.6
4850,2.1
4851,2.8
4852,1.3
4853,3.2
4854,1.1
4855,1.2
4856,1.8
4857,3.2
4858,3.3
4859,2.9
4860,1.5
4861,2.7
4862,1.4
4863,2.8
4864,3.1
4865,1.7
4866,1.0
4867,3.6
4868,2.0
4869,2.3
4870,2.1
4871,4.0
4872,2.9
4873,1.5
4874,2.5
4875,2.0
4876,1.1
4877,2.7
4878,2.1
4879,1.9
4880,3.1
4881,2.7
4882,1.1
4883,2.4
4884,3.3
4885,4.0
4886,1.9
4887,2.5
4888,2.6
4889,3.0
4890,1.4
4891,3.7
4892,3.5
4893,2.4
4894,3.4
4895,3.7
4896,3.8
4897,2.0
4898,3.5
4899,1.2
4900,2.0
4901,2.7
4902,2.0
4903,2.1
4904,2.6
4905,1.7
4906,2.1
4907,2.7
4908,1.5
4909,3.7
4910,1.5
4911,1.3
4912,3.1
4913,1.9
4914,2.9
4915,1.5
4916,1.6
4917,3.2
4918,1.2
4919,2.0
4920,1.9
4921,2.6
4922,1.3
4923,1.3
4924,1.6
4925,1.4
4926,1.9
4927,2.0
4928,1.8
4929,3.0
4930,3.4
4931,2.2
4932,1.2
4933,2.0
4934,1.8
4935,3.9
4936,3.3
4937,3.5
4938,1.6
4939,1.4
4940,2.7
4941,1.7
4942,2.6
4943,1.2
4944,2.3
4945,2.2
4946,3.7
4947,2.4
4948,2.4
4949,1.2
4950,3.2
4951,2.0
4952,3.6
4953,2.0
4954,3.4
4955,1.5
4956,3.0
4957,2.4
4958,3.7
4959,3.2
4960,2.8
4961,2.5
4962,1.1
4963,2.4
4964,2.6
4965,2.2
4966,2.9
4967,3.5
4968,2.2
4969,1.7
4970,1.3
4971,1.3
4972,3.0
4973,2.6
4974,1.1
4975,1.7
4976,3.8
4977,3.3
4978,1.9
4979,2.6
4980,3.1
4981,2.0
4982,1.9
4983,1.7
4984,3.4
4985,1.7
4986,2.8
4987,1.0
4988,3.4
4989,1.8
4990,1.1
4991,3.2
4992,2.4
4993,2.9
4994,2.1
4995,1.9
4996,1.1
4997,1.7
4998,3.6
4999,2.8
5000,2.1
5001,2.9
5002,2.2
5003,1.4
5004,3.1
5005,2.3
5006,3.6
5007,2.1
5008,2.7
5009,2.6
5010,1.1
5011,1.6
5012,3.2
5013,1.6
5014,2.0
5015,3.3
5016,3.1
5017,2.5
5018,3.7
5019,2.3
5020,2.7
5021,1.4
5022,1.9
5023,3.7
5024,4.0
5025,3.6
5026,2.6
5027,2.4
5028,3.4
5029,3.4
5030,3.9
5031,1.5
5032,3.6
5033,3.4
5034,2.8
5035,1.3
5036,1.1
5037,1.0
5038,4.0
5039,2.3
5040,2.8
5041,1.2
5042,3.7
5043,1.2
5044,3.4
5045,1.3
5046,3.2
5047,3.5
5048,2.5
5049,2.1
5050,1.5
5051,3.7
5052,3.2
5053,2.6
5054,2.3
5055,2.6
5056,3.6
5057,1.5
5058,3.4
5059,1.9
5060,1.9
5061,1.3
5062,3.8
5063,1.8
5064,3.1
5065,2.5
5066,3.2
5067,3.7
5068,3.1
5069,1.6
5070,3.7
5071,3.8
5072,3.6
5073,3.6
5074,3.2
5075,1.4
5076,3.5
5077,2.0
5078,1.6
5079,2.6
5080,2.2
5081,3.6
5082,3.8
5083,2.0
5084,3.6
5085,3.8
5086,2.1
5087,1.9
5088,2.3
5089,1.8
5090,1.7
5091,2.4
5092,1.9
5093,2.9
5094,3.3
5095,1.9
5096,3.4
5097,1.3
5098,2.1
5099,1.6
5100,2.3
5101,1.3
5102,1.1
5103,2.0
5104,1.8
5105,3.5
5106,3.0
5107,1.3
5108,1.2
5109,1.7
5110,2.2
5111,2.9
5112,1.1
5113,3.5
5114,3.9
5115,1.5
5116,3.9
5117,1.2
5118,1.3
5119,3.1
5120,1.6
5121,1.7
5122,2.6
5123,1.8
5124,1.9
5125,3.0
5126,1.2
5127,3.4
5128,2.2
5129,3.6
5130,3.5
5131,3.9
5132,1.3
5133,1.2
5134,2.0
5135,2.1
5136,1.3
5137,1.4
5138,3.8
5139,1.8
5140,3.0
5141,2.9
5142,2.1
5143,3.8
5144,1.3
5145,2.3
5146,2.9
5147,3.6
5148,2.9
5149,2.1
5150,3.5
5151,3.9
5152,3.0
5153,3.2
5154,3.1
5155,2.0
5156,3.8
5157,3.4
5158,3.3
5159,1.9
5160,3.3
5161,1.2
5162,2.6
5163,1.1
5164,2.7
5165,1.5
5166,1.3
5167,3.2
5168,3.5
5169,1.4
5170,2.5
5171,2.0
5172,3.7
5173,2.7
5174,3.7
5175,3.8
5176,2.2
5177,2.5
5178,3.7
5179,1.5
5180,1.2
5181,1.6
5182,3.7
5183,1.7
5184,3.1
5185,3.9
5186,3.3
5187,2.6
5188,3.1
5189,3.8
5190,1.1
5191,1.6
5192,1.3
5193,3.3
5194,3.1
5195,2.6
5196,2.4
5197,1.1
5198,3.2
5199,1.6
5200,1.8
5201,1.8
5202,3.2
5203,1.6
5204,2.5
5205,3.1
5206,1.4
5207,2.6
5208,2.7
5209,1.7
5210,3.2
5211,1.2
5212,1.4
5213,4.0
5214,3.3
5215,3.4
5216,1.3
5217,1.5
5218,1.8
5219,1.5
5220,3.9
5221,1.1
5222,1.8
5223,2.9
5224,2.9
5225,3.8
5226,1.5
5227,3.1
5228,3.3
5229,2.9
5230,2.0
5231,2.3
5232,2.6
5233,2.4
5234,2.0
5235,1.5
5236,2.3
5237,2.9
5238,2.0
5239,2.5
5240,2.7
5241,3.9
5242,3.3
5243,3.9
5244,2.0
5245,2.2
5246,2.7
5247,3.2
5248,2.3
5249,3.6
5250,3.5
5251,3.7
5252,3.6
5253,2.9
5254,2.8
5255,1.2
5256,2.2
5257,3.6
5258,1.6
5259,3.2
5260,2.0
5261,1.1
5262,1.3
5263,2.9
5264,3.9
5265,2.6
5266,1.9
5267,1.8
5268,3.6
5269,2.2
5270,2.7
5271,1.3
5272,2.6
5273,2.6
5274,3.6
5275,3.1
5276,3.5
5277,1.8
5278,3.0
5279,2.5
5280,3.8
5281,1.1
5282,2.6
5283,1.7
5284,3.5
5285,2.6
5286,3.6
5287,3.2
5288,3.7
5289,3.5
5290,3.9
5291,2.7
5292,2.8
5293,2.0
5294,2.7
5295,2.8
5296,3.0
5297,3.4
5298,1.1
5299,2.3
5300,1.9
5301,3.5
5302,2.1
5303,3.4
5304,1.7
5305,2.5
5306,1.8
5307,3.2
5308,1.8
5309,2.3
5310,1.0
5311,3.2
5312,1.9
5313,1.0
5314,1.6
5315,2.6
5316,1.1
5317,3.2
5318,3.3
5319,1.2
5320,1.7
5321,2.5
5322,1.7
5323,1.6
5324,2.3
5325,1.8
5326,3.2
5327,1.5
5328,2.4
5329,2.3
5330,3.7
5331,3.7
5332,2.9
5333,2.4
5334,2.7
5335,2.1
5336,2.7
5337,1.8
5338,1.4
5339,3.1
5340,1.4
5341,3.0
5342,2.3
5343,3.3
5344,1.2
5345,2.4
5346,2.1
5347,3.7
5348,3.0
5349,1.1
5350,3.7
5351,3.9
5352,2.4
5353,3.4
5354,2.3
5355,2.7
5356,2.8
5357,2.4
5358,1.8
5359,2.0
5360,3.1
5361,3.6
5362,1.8
5363,2.8
5364,1.3
5365,3.5
5366,1.8
5367,3.9
5368,1.8
5369,3.2
5370,3.6
5371,2.8
5372,1.7
5373,2.4
5374,3.0
5375,3.8
5376,2.6
5377,2.5
5378,3.1
5379,2.1
5380,3.9
5381,2.0
5382,1.8
5383,1.9
5384,2.1
5385,2.5
5386,2.9
5387,1.2
5388,2.6
5389,3.8
5390,2.9
5391,2.5
5392,1.9
5393,1.2
5394,2.7
5395,2.6
5396,1.8
5397,3.3
5398,3.5
5399,3.0
5400,2.9
5401,1.6
5402,3.2
5403,1.3
5404,1.4
5405,3.8
5406,1.4
5407,3.1
5408,1.2
5409,3.5
5410,1.3
5411,4.0
5412,2.9
5413,3.1
5414,2.8
5415,1.5
5416,2.5
5417,1.6
5418,3.9
5419,1.4
5420,1.6
5421,3.1
5422,1.7
5423,4.0
5424,3.8
5425,2.3
5426,1.5
5427,3.4
5428,2.5
5429,1.8
5430,1.3
5431,3.3
5432,2.9
5433,3.1
5434,2.7
5435,3.4
5436,2.6
5437,1.7
5438,3.7
5439,1.1
5440,2.5
5441,2.6
5442,3.1
5443,2.8
5444,2.5
5445,3.8
5446,2.5
5447,3.9
5448,2.2
5449,2.0
5450,3.0
5451,2.3
5452,2.6
5453,2.7
5454,2.7
5455,2.3
5456,1.5
5457,2.2
5458,3.9
5459,3.0
5460,3.9
5461,2.3
5462,1.7
5463,1.2
5464,3.1
5465,2.0
5466,3.1
5467,3.3
5468,1.9
5469,3.3
5470,3.8
5471,3.5
5472,1.2
5473,3.9
5474,1.9
5475,1.2
5476,3.3
5477,3.2
5478,3.3
5479,2.5
5480,3.9
5481,2.3
5482,2.5
5483,3.7
5484,3.7
5485,2.6
5486,3.4
5487,3.4
5488,2.9
5489,3.9
5490,2.9
5491,2.9
5492,1.0
5493,1.2
5494,3.7
5495,1.4
5496,3.4
5497,3.4
5498,3.9
5499,3.9
5500,2.7
5501,3.6
5502,2.3
5503,1.9
5504,2.1
5505,1.7
5506,3.2
5507,1.2
5508,1.7
5509,2.6
5510,2.7
5511,1.3
5512,1.1
5513,1.5
5514,2.4
5515,3.1
5516,3.4
5517,1.5
5518,2.4
5519,1.1
5520,3.5
5521,3.9
5522,1.2
5523,3.2
5524,2.0
5525,3.4
5526,3.1
5527,2.2
5528,3.7
5529,2.5
5530,1.1
5531,1.4
5532,1.1
5533,3.8
5534,1.7
5535,3.2
5536,1.9
5537,2.7
5538,1.1
5539,3.5
5540,1.4
5541,2.1
5542,2.2
5543,3.9
5544,1.7
5545,2.6
5546,2.3
5547,1.3
5548,3.5
5549,1.2
5550,1.5
5551,2.5
5552,2.5
5553,1.1
5554,1.6
5555,4.0
5556,2.4
5557,1.8
5558,2.8
5559,3.6
5560,3.8
5561,1.3
5562,2.0
5563,2.9
5564,1.1
5565,2.4
5566,3.2
5567,2.8
5568,2.5
5569,3.7
5570,3.0
5571,2.6
5572,3.5
5573,1.3
5574,1.1
5575,1.0
5576,3.9
5577,1.8
5578,2.1
5579,1.5
5580,1.3
5581,3.1
5582,2.4
5583,2.7
5584,3.3
5585,1.5
5586,2.9
5587,1.2
5588,2.7
5589,3.0
5590,2.1
5591,2.6
5592,3.1
5593,3.2
5594,2.4
5595,1.0
5596,1.3
5597,1.1
5598,1.9
5599,2.8
5600,3.9
5601,3.4
5602,3.2
5603,1.0
5604,2.7
5605,3.5
5606,1.6
5607,2.5
5608,2.2
5609,3.8
5610,1.9
5611,1.5
5612,3.5
5613,3.6
5614,2.6
5615,3.1
5616,2.6
5617,3.5
5618,2.0
5619,4.0
5620,1.8
5621,3.2
5622,2.2
5623,2.8
5624,2.9
5625,3.5
5626,2.8
5627,2.1
5628,2.3
5629,1.6
5630,2.7
5631,2.5
5632,3.1
5633,1.5
5634,2.2
5635,3.8
5636,3.2
5637,2.9
5638,3.0
5639,2.8
5640,1.6
5641,1.6
5642,2.1
5643,1.2
5644,3.8
5645,1.8
5646,2.5
5647,3.7
5648,2.9
5649,1.3
5650,3.9
5651,1.4
5652,2.8
5653,3.6
5654,1.4
5655,2.5
5656,2.0
5657,1.9
5658,1.9
5659,3.0
5660,2.6
5661,1.1
5662,2.3
5663,2.8
5664,2.6
5665,3.7
5666,1.9
5667,2.0
5668,3.3
5669,3.1
5670,2.0
5671,2.7
5672,2.4
5673,2.2
5674,2.0
5675,3.2
5676,3.5
5677,3.5
5678,2.2
5679,2.8
5680,2.6
5681,2.5
5682,2.9
5683,1.0
5684,3.9
5685,3.6
5686,3.4
5687,1.4
5688,1.3
5689,2.7
5690,3.2
5691,2.3
5692,2.6
5693,3.5
5694,2.8
5695,1.7
5696,3.4
5697,1.9
5698,3.8
5699,1.4
5700,3.0
5701,3.3
5702,3.6
5703,3.3
5704,2.5
5705,1.1
5706,2.5
5707,2.1
5708,2.6
5709,3.6
5710,2.6
5711,1.6
5712,1.7
5713,3.8
5714,1.0
5715,3.3
5716,2.3
5717,2.0
5718,2.4
5719,2.7
5720,3.1
5721,3.2
5722,3.8
5723,1.8
5724,2.2
5725,2.8
5726,3.9
5727,1.8
5728,1.4
5729,3.5
5730,2.9
5731,1.5
5732,3.2
5733,3.0
5734,3.9
5735,2.6
5736,2.2
5737,1.7
5738,1.6
5739,3.7
5740,3.8
5741,3.6
5742,3.5
5743,1.8
5744,2.7
5745,1.4
5746,2.3
5747,2.8
5748,1.6
5749,1.3
5750,3.7
5751,4.0
5752,1.6
5753,3.6
5754,2.3
5755,2.9
5756,2.6
5757,1.1
5758,1.5
5759,1.4
5760,3.0
5761,3.5
5762,2.6
5763,2.9
5764,3.1
5765,3.8
5766,3.3
5767,2.5
5768,2.8
5769,2.4
5770,3.7
5771,1.1
5772,1.5
5773,1.0
5774,3.4
5775,2.0
5776,1.6
5777,2.0
5778,3.7
5779,1.7
5780,2.4
5781,1.6
5782,1.3
5783,3.4
5784,3.0
5785,4.0
5786,3.2
5787,1.9
5788,3.2
5789,2.2
5790,3.4
5791,3.2
5792,3.5
5793,3.2
5794,3.8
5795,3.8
5796,2.7
5797,1.7
5798,1.8
5799,2.2
5800,1.1
5801,2.0
5802,1.8
5803,3.5
5804,3.7
5805,2.7
5806,1.4
5807,4.0
5808,3.9
5809,1.0
5810,2.6
5811,3.8
5812,1.6
5813,2.8
5814,1.0
5815,1.4
5816,1.4
5817,2.9
5818,1.9
5819,3.8
5820,2.3
5821,1.3
5822,3.8
5823,3.8
5824,3.5
5825,4.0
5826,1.3
5827,1.9
5828,2.8
5829,3.2
5830,3.3
5831,2.9
5832,3.6
5833,4.0
5834,1.1
5835,2.3
5836,3.4
5837,2.6
5838,3.6
5839,3.3
5840,3.9
5841,2.1
5842,1.1
5843,1.4
5844,2.0
5845,3.8
5846,3.4
5847,3.8
5848,1.8
5849,1.0
5850,3.4
5851,3.2
5852,1.5
5853,2.1
5854,2.4
5855,3.0
5856,3.8
5857,2.6
5858,1.4
5859,3.5
5860,3.2
5861,3.2
5862,1.7
5863,1.9
5864,1.6
5865,3.2
5866,2.3
5867,3.7
5868,1.9
5869,2.9
5870,1.7
5871,1.5
5872,3.2
5873,3.0
5874,3.6
5875,1.6
5876,3.3
5877,1.9
5878,2.0
5879,3.8
5880,1.0
5881,3.6
5882,2.0
5883,1.3
5884,3.4
5885,3.0
5886,3.2
5887,3.6
5888,1.3
5889,1.7
5890,2.9
5891,1.1
5892,1.3
5893,3.2
5894,1.3
5895,2.3
5896,2.8
5897,3.5
5898,3.1
5899,2.3
5900,3.9
5901,1.5
5902,3.2
5903,2.6
5904,2.6
5905,2.2
5906,3.1
5907,1.0
5908,2.1
5909,2.4
5910,2.5
5911,1.7
5912,1.1
5913,3.5
5914,3.8
5915,1.8
5916,1.1
5917,2.1
5918,2.0
5919,2.0
5920,2.3
5921,3.1
5922,1.9
5923,2.6
5924,1.0
5925,2.8
5926,3.0
5927,2.9
5928,1.9
5929,2.5
5930,1.1
5931,3.0
5932,2.5
5933,1.0
5934,2.8
5935,4.0
5936,1.9
5937,2.4
5938,1.2
5939,2.4
5940,1.6
5941,3.2
5942,2.7
5943,2.4
5944,1.1
5945,2.3
5946,3.4
5947,3.3
5948,2.0
5949,1.5
5950,1.4
5951,2.0
5952,2.8
5953,1.8
5954,2.9
5955,1.4
5956,3.6
5957,2.9
5958,2.2
5959,1.5
5960,1.5
5961,3.9
5962,2.3
5963,1.1
5964,1.1
5965,1.4
5966,3.5
5967,2.4
5968,2.9
5969,3.3
5970,1.2
5971,2.4
5972,1.0
5973,1.5
5974,2.8
5975,3.6
5976,2.9
5977,2.3
5978,3.9
5979,3.4
5980,2.4
5981,3.1
5982,2.5
5983,2.4
5984,1.1
5985,1.4
5986,1.1
5987,2.2
5988,3.3
5989,1.8
5990,2.7
5991,2.5
5992,1.7
5993,1.9
5994,3.9
5995,2.6
5996,1.8
5997,3.2
5998,2.2
5999,2.0
6000,2.3
6001,2.6
6002,2.1
6003,3.8
6004,2.1
6005,2.7
6006,3.2
6007,1.6
6008,4.0
6009,2.7
6010,3.5
6011,1.1
6012,2.2
6013,2.5
6014,3.0
6015,2.4
6016,1.3
6017,3.9
6018,1.7
6019,3.7
6020,1.0
6021,2.6
6022,2.4
6023,3.5
6024,4.0
6025,2.3
6026,1.6
6027,1.9
6028,3.2
6029,1.1
6030,2.9
6031,1.3
6032,2.8
6033,2.5
6034,2.1
6035,4.0
6036,2.5
6037,2.6
6038,2.0
6039,3.0
6040,3.7
6041,1.9
6042,2.7
6043,2.0
6044,3.8
6045,2.7
6046,1.1
6047,3.6
6048,4.0
6049,2.0
6050,3.1
6051,1.7
6052,1.9
6053,2.9
6054,3.1
6055,1.5
6056,2.7
6057,3.1
6058,2.2
6059,3.8
6060,2.8
6061,3.2
6062,3.0
6063,1.2
6064,1.7
6065,2.4
6066,2.1
6067,2.8
6068,3.0
6069,3.0
6070,3.4
6071,2.6
6072,2.0
6073,2.0
6074,2.0
6075,3.1
6076,3.6
6077,2.8
6078,3.4
6079,2.2
6080,1.6
6081,2.9
6082,2.7
6083,2.1
6084,3.1
6085,2.7
6086,2.4
6087,1.9
6088,1.6
6089,2.6
6090,2.3
6091,3.4
6092,1.2
6093,2.4
6094,2.5
6095,3.8
6096,3.2
6097,1.6
6098,3.6
6099,2.8
6100,3.5
6101,1.3
6102,3.2
6103,1.9
6104,3.0
6105,2.4
6106,2.6
6107,2.5
6108,3.7
6109,2.4
6110,1.0
6111,2.2
6112,1.2
6113,4.0
6114,2.4
6115,2.6
6116,2.9
6117,3.9
6118,2.0
6119,1.7
6120,3.2
6121,2.3
6122,3.9
6123,1.8
6124,3.9
6125,2.1
6126,2.0
6127,2.1
6128,1.4
6129,3.8
6130,3.1
6131,1.3
6132,4.0
6133,2.8
6134,2.7
6135,3.8
6136,1.6
6137,1.8
6138,3.0
6139,2.9
6140,3.0
6141,1.3
6142,1.1
6143,1.7
6144,3.9
6145,3.9
6146,2.9
6147,3.5
6148,2.7
6149,2.9
6150,2.2
6151,2.6
6152,1.1
6153,2.5
6154,2.4
6155,1.1
6156,1.4
6157,3.3
6158,2.9
6159,2.1
6160,2.8
6161,1.8
6162,1.8
6163,3.1
6164,2.5
6165,1.4
6166,2.3
6167,2.5
6168,2.0
6169,2.4
6170,3.3
6171,2.3
6172,3.8
6173,2.5
6174,3.5
6175,1.7
6176,1.5
6177,1.6
6178,3.9
6179,3.7
6180,2.2
6181,3.4
6182,1.9
6183,3.1
6184,2.7
6185,1.2
6186,2.5
6187,3.2
6188,1.2
6189,2.7
6190,2.6
6191,1.5
6192,1.7
6193,1.7
6194,2.4
6195,2.3
6196,2.5
6197,1.8
6198,1.1
6199,3.6
6200,2.3
6201,3.5
6202,1.8
6203,2.7
6204,1.0
6205,2.1
6206,1.2
6207,3.3
6208,1.8
6209,1.1
6210,2.1
6211,3.5
6212,3.0
6213,2.7
6214,1.4
6215,1.0
6216,2.5
6217,1.7
6218,1.3
6219,3.4
6220,1.2
6221,1.1
6222,1.5
6223,2.6
6224,1.5
6225,3.6
6226,2.6
6227,1.6
6228,3.9
6229,1.8
6230,1.8
6231,3.9
6232,2.0
6233,2.3
6234,1.7
6235,1.8
6236,2.6
6237,3.0
6238,3.8
6239,3.7
6240,1.3
6241,1.8
6242,1.5
6243,2.9
6244,2.4
6245,1.1
6246,3.3
6247,2.1
6248,4.0
6249,1.7
6250,2.5
6251,2.4
6252,1.2
6253,1.3
6254,4.0
6255,3.3
6256,2.3
6257,4.0
6258,3.9
6259,2.4
6260,1.4
6261,3.4
6262,1.5
6263,3.3
6264,3.2
6265,3.1
6266,3.9
6267,1.0
6268,2.6
6269,1.2
6270,1.7
6271,2.6
6272,3.8
6273,1.3
6274,2.6
6275,3.9
6276,2.5
6277,1.2
6278,1.2
6279,2.7
6280,2.0
6281,2.3
6282,1.6
6283,1.1
6284,3.5
6285,3.8
6286,1.4
6287,1.1
6288,1.9
6289,2.7
6290,1.8
6291,1.2
6292,3.6
6293,3.4
6294,3.3
6295,1.2
6296,1.5
6297,2.9
6298,3.1
6299,3.1
6300,2.1
6301,2.6
6302,3.1
6303,1.9
6304,3.9
6305,3.8
6306,3.3
6307,2.9
6308,3.8
6309,3.8
6310,1.5
6311,2.8
6312,4.0
6313,1.2
6314,3.9
6315,2.2
6316,2.2
6317,3.6
6318,3.1
6319,3.8
6320,3.1
6321,2.8
6322,1.5
6323,1.6
6324,2.5
6325,3.8
6326,3.9
6327,3.1
6328,3.8
6329,1.3
6330,3.1
6331,3.5
6332,3.7
6333,2.6
6334,2.8
6335,2.9
6336,3.1
6337,2.7
6338,2.9
6339,1.9
6340,3.8
6341,2.2
6342,3.4
6343,2.2
6344,2.3
6345,1.7
6346,1.9
6347,3.3
6348,3.4
6349,2.4
6350,3.8
6351,2.6
6352,1.5
6353,3.3
6354,2.4
6355,1.8
6356,1.3
6357,1.2
6358,2.2
6359,2.0
6360,1.8
6361,2.6
6362,1.4
6363,1.5
6364,3.2
6365,1.2
6366,1.5
6367,3.5
6368,1.3
6369,1.1
6370,2.8
6371,1.1
6372,2.7
6373,2.7
6374,3.8
6375,3.9
6376,2.6
6377,2.8
6378,3.9
6379,2.1
6380,2.2
6381,4.0
6382,3.3
6383,2.9
6384,2.9
6385,3.5
6386,3.4
6387,2.9
6388,1.8
6389,2.9
6390,2.8
6391,3.3
6392,3.2
6393,3.7
6394,2.0
6395,2.6
6396,2.7
6397,3.5
6398,1.3
6399,3.9
6400,3.6
6401,2.1
6402,3.5
6403,3.5
6404,2.7
6405,3.4
6406,3.3
6407,1.6
6408,3.5
6409,3.2
6410,4.0
6411,3.9
6412,1.1
6413,2.9
6414,3.3
6415,3.1
6416,3.9
6417,1.4
6418,2.3
6419,4.0
6420,2.8
6421,3.9
6422,3.7
6423,3.9
6424,1.4
6425,3.1
6426,3.0
6427,1.5
6428,1.2
6429,3.1
6430,1.7
6431,2.4
6432,2.9
6433,3.6
6434,3.0
6435,2.9
6436,2.2
6437,1.6
6438,3.1
6439,3.1
6440,3.5
6441,2.6
6442,2.9
6443,3.7
6444,2.0
6445,2.0
6446,3.6
6447,2.8
6448,3.9
6449,3.7
6450,3.9
6451,1.7
6452,1.8
6453,1.4
6454,2.1
6455,2.2
6456,1.3
6457,3.4
6458,1.1
6459,1.6
6460,2.3
6461,3.5
6462,1.3
6463,3.7
6464,2.9
6465,2.7
6466,1.7
6467,2.2
6468,3.7
6469,1.0
6470,3.3
6471,3.3
6472,1.8
6473,2.3
6474,3.9
6475,1.2
6476,3.0
6477,2.0
6478,1.8
6479,1.6
6480,1.7
6481,2.1
6482,3.2
6483,2.0
6484,2.8
6485,3.1
6486,2.3
6487,1.7
6488,3.5
6489,3.2
6490,2.0
6491,3.9
6492,2.0
6493,1.5
6494,2.3
6495,3.7
6496,2.5
6497,3.1
6498,2.0
6499,2.8
6500,3.4
6501,1.3
6502,3.4
6503,1.2
6504,1.6
6505,1.8
6506,2.8
6507,3.1
6508,3.4
6509,2.5
6510,3.9
6511,3.2
6512,3.5
6513,1.9
6514,4.0
6515,3.6
6516,3.4
6517,3.0
6518,3.2
6519,2.7
6520,2.4
6521,1.6
6522,2.2
6523,1.5
6524,2.7
6525,2.9
6526,2.2
6527,1.0
6528,2.9
6529,2.6
6530,2.4
6531,1.5
6532,1.2
6533,1.1
6534,2.9
6535,2.7
6536,2.3
6537,2.1
6538,1.8
6539,3.2
6540,1.2
6541,2.2
6542,3.7
6543,1.3
6544,2.5
6545,2.5
6546,1.2
6547,1.4
6548,1.1
6549,3.4
6550,3.9
6551,2.4
6552,3.1
6553,2.2
6554,1.1
6555,2.4
6556,2.8
6557,1.0
6558,1.1
6559,2.6
6560,1.2
6561,2.1
6562,3.4
6563,1.3
6564,2.1
6565,1.9
6566,2.6
6567,2.7
6568,1.9
6569,1.2
6570,1.1
6571,2.5
6572,1.4
6573,3.3
6574,1.4
6575,2.5
6576,1.5
6577,1.5
6578,3.8
6579,3.4
6580,3.4
6581,2.1
6582,2.8
6583,3.2
6584,3.0
6585,2.3
6586,2.0
6587,2.0
6588,2.8
6589,3.0
6590,2.1
6591,3.8
6592,3.3
6593,2.3
6594,2.3
6595,3.7
6596,3.5
6597,1.2
6598,2.0
6599,2.9
6600,2.6
6601,1.1
6602,1.8
6603,3.1
6604,3.4
6605,2.4
6606,3.3
6607,1.4
6608,1.0
6609,3.9
6610,2.4
6611,1.4
6612,2.3
6613,2.2
6614,3.6
6615,1.2
6616,2.8
6617,3.3
6618,1.4
6619,2.4
6620,3.3
6621,2.5
6622,1.2
6623,1.2
6624,2.5
6625,2.9
6626,2.6
6627,1.2
6628,3.6
6629,1.1
6630,1.0
6631,2.6
6632,2.0
6633,2.6
6634,4.0
6635,1.4
6636,3.1
6637,3.8
6638,2.4
6639,3.8
6640,1.5
6641,3.0
6642,3.1
6643,3.2
6644,2.3
6645,3.4
6646,2.6
6647,1.1
6648,3.7
6649,1.9
6650,2.6
6651,3.4
6652,4.0
6653,3.8
6654,3.6
6655,1.3
6656,1.6
6657,1.7
6658,3.5
6659,1.8
6660,1.4
6661,1.6
6662,1.7
6663,2.6
6664,2.0
6665,3.5
6666,2.0
6667,3.4
6668,1.8
6669,1.7
6670,3.8
6671,3.7
6672,3.7
6673,2.2
6674,2.8
6675,1.7
6676,2.2
6677,3.1
6678,3.3
6679,1.9
6680,4.0
6681,1.2
6682,3.5
6683,1.2
6684,2.2
6685,1.9
6686,1.7
6687,2.4
6688,2.6
6689,3.3
6690,1.2
6691,1.5
6692,1.4
6693,1.5
6694,1.5
6695,3.4
6696,3.0
6697,2.5
6698,3.7
6699,1.9
6700,1.6
6701,2.0
6702,3.4
6703,3.2
6704,3.1
6705,2.0
6706,3.6
6707,2.1
6708,2.1
6709,2.7
6710,2.2
6711,2.2
6712,2.8
6713,2.6
6714,1.6
6715,3.3
6716,1.6
6717,1.3
6718,1.2
6719,3.5
6720,3.6
6721,2.0
6722,3.4
6723,3.9
6724,3.2
6725,2.0
6726,3.1
6727,2.8
6728,1.2
6729,2.1
6730,3.9
6731,2.5
6732,1.3
6733,3.0
6734,1.1
6735,3.9
6736,2.5
6737,1.1
6738,2.6
6739,3.4
6740,3.4
6741,2.1
6742,2.8
6743,2.3
6744,2.0
6745,2.1
6746,2.4
6747,1.1
6748,3.5
6749,3.1
6750,3.1
6751,1.9
6752,3.3
6753,2.2
6754,1.5
6755,2.8
6756,3.1
6757,2.0
6758,2.3
6759,3.5
6760,3.1
6761,3.4
6762,1.8
6763,1.9
6764,1.4
6765,1.3
6766,1.8
6767,2.5
6768,3.0
6769,3.4
6770,2.5
6771,3.2
6772,3.8
6773,3.9
6774,3.5
6775,1.1
6776,3.1
6777,2.4
6778,3.1
6779,3.7
6780,2.8
6781,3.9
6782,1.7
6783,1.4
6784,1.8
6785,3.9
6786,3.5
6787,3.0
6788,2.3
6789,3.2
6790,3.8
6791,1.0
6792,1.4
6793,2.3
6794,3.8
6795,1.6
6796,2.7
6797,2.1
6798,1.3
6799,3.1
6800,1.2
6801,1.3
6802,3.2
6803,2.1
6804,1.1
6805,1.1
6806,3.9
6807,2.6
6808,3.2
6809,2.3
6810,2.0
6811,3.9
6812,3.9
6813,1.2
6814,2.5
6815,2.9
6816,2.2
6817,3.6
6818,3.5
6819,1.1
6820,2.3
6821,2.8
6822,1.5
6823,1.3
6824,3.9
6825,1.9
6826,3.5
6827,3.5
6828,1.4
6829,1.6
6830,3.0
6831,2.2
6832,2.8
6833,3.9
6834,2.8
6835,3.6
6836,3.4
6837,2.3
6838,1.2
6839,1.4
6840,2.8
6841,2.8
6842,1.1
6843,1.1
6844,1.8
6845,2.2
6846,1.2
6847,3.9
6848,2.6
6849,1.6
6850,4.0
6851,3.6
6852,3.2
6853,3.7
6854,1.8
6855,3.9
6856,1.6
6857,2.6
6858,1.5
6859,2.6
6860,1.4
6861,3.9
6862,3.7
6863,1.9
6864,3.7
6865,2.1
6866,4.0
6867,3.2
6868,3.5
6869,3.3
6870,1.9
6871,1.5
6872,2.3
6873,2.7
6874,1.6
6875,2.0
6876,3.1
6877,2.1
6878,2.1
6879,2.9
6880,2.7
6881,3.9
6882,2.2
6883,1.1
6884,1.1
6885,1.6
6886,3.3
6887,2.9
6888,3.7
6889,2.3
6890,3.7
6891,1.2
6892,3.3
6893,1.3
6894,3.7
6895,2.0
6896,2.6
6897,1.0
6898,1.1
6899,3.4
6900,2.7
6901,2.5
6902,2.1
6903,1.4
6904,3.2
6905,2.6
6906,2.5
6907,3.6
6908,3.8
6909,3.6
6910,3.9
6911,3.9
6912,3.3
6913,3.0
6914,3.0
6915,3.8
6916,3.5
6917,3.6
6918,3.8
6919,1.8
6920,1.8
6921,2.0
6922,1.5
6923,3.5
6924,2.6
6925,2.2
6926,1.5
6927,3.1
6928,2.0
6929,1.7
6930,1.2
6931,3.2
6932,1.2
6933,3.1
6934,3.7
6935,1.6
6936,3.8
6937,2.3
6938,3.3
6939,1.8
6940,1.9
6941,2.1
6942,3.0
6943,3.6
6944,2.2
6945,2.8
6946,2.8
6947,4.0
6948,1.6
6949,2.6
6950,2.1
6951,3.5
6952,3.3
6953,1.2
6954,2.6
6955,1.3
6956,2.9
6957,1.3
6958,2.3
6959,3.1
6960,2.5
6961,2.5
6962,2.1
6963,3.8
6964,3.4
6965,1.9
6966,3.4
6967,1.2
6968,2.4
6969,2.2
6970,1.5
6971,3.0
6972,3.0
6973,2.5
6974,4.0
6975,2.7
6976,2.4
6977,3.6
6978,3.2
6979,2.6
6980,2.8
6981,3.1
6982,2.7
6983,1.7
6984,3.1
6985,1.5
6986,1.4
6987,3.4
6988,1.6
6989,3.6
6990,2.8
6991,3.5
6992,3.8
6993,3.8
6994,1.1
6995,2.2
6996,1.8
6997,1.3
6998,2.7
6999,1.4
7000,2.3
7001,3.7
7002,2.4
7003,2.0
7004,1.7
7005,3.7
7006,1.8
7007,1.9
7008,2.5
7009,1.2
7010,3.2
7011,1.8
7012,3.6
7013,2.1
7014,2.8
7015,3.0
7016,2.2
7017,1.0
7018,1.0
7019,3.5
7020,1.7
7021,1.8
7022,3.0
7023,1.8
7024,2.1
7025,1.0
7026,1.1
7027,1.3
7028,1.2
7029,1.5
7030,2.6
7031,2.4
7032,1.4
7033,3.6
7034,1.8
7035,3.3
7036,2.5
7037,3.2
7038,1.5
7039,3.5
7040,4.0
7041,2.4
7042,3.0
7043,1.6
7044,2.1
7045,3.5
7046,1.2
7047,1.1
7048,1.9
7049,2.9
7050,1.9
7051,1.6
7052,1.1
7053,2.4
7054,2.9
7055,1.8
7056,3.4
7057,1.1
7058,1.9
7059,1.2
7060,3.7
7061,3.3
7062,1.7
7063,2.3
7064,3.4
7065,1.4
7066,2.5
7067,3.0
7068,1.2
7069,1.9
7070,1.1
7071,1.6
7072,3.0
7073,3.8
7074,1.6
7075,2.0
7076,3.6
7077,2.6
7078,3.1
7079,1.8
7080,3.4
7081,3.1
7082,2.4
7083,1.2
7084,1.6
7085,2.8
7086,2.2
7087,2.3
7088,1.5
7089,2.4
7090,3.8
7091,1.6
7092,3.2
7093,2.3
7094,3.3
7095,3.1
7096,2.8
7097,3.6
7098,1.7
7099,2.8
7100,2.9
7101,2.8
7102,1.5
7103,1.2
7104,4.0
7105,2.1
7106,2.0
7107,1.8
7108,3.2
7109,1.0
7110,3.9
7111,2.8
7112,2.8
7113,3.0
7114,2.7
7115,3.4
7116,1.7
7117,4.0
7118,3.4
7119,1.7
7120,3.6
7121,1.8
7122,3.7
7123,3.4
7124,2.5
7125,2.8
7126,1.5
7127,1.3
7128,1.7
7129,2.5
7130,3.5
7131,3.0
7132,1.2
7133,2.1
7134,1.4
7135,1.0
7136,1.8
7137,1.6
7138,3.1
7139,3.8
7140,1.8
7141,2.4
7142,1.7
7143,1.4
7144,3.2
7145,3.1
7146,3.4
7147,3.9
7148,2.6
7149,2.3
7150,1.4
7151,2.3
7152,1.1
7153,1.6
7154,1.7
7155,2.5
7156,3.5
7157,3.3
7158,2.4
7159,2.8
7160,1.4
7161,1.4
7162,1.7
7163,3.8
7164,2.0
7165,3.9
7166,1.5
7167,1.8
7168,3.5
7169,1.6
7170,3.6
7171,1.3
7172,3.1
7173,3.9
7174,3.0
7175,3.2
7176,1.2
7177,2.3
7178,3.8
7179,3.9
7180,1.5
7181,3.4
7182,2.8
7183,1.2
7184,3.5
7185,1.7
7186,3.1
7187,2.3
7188,2.9
7189,3.2
7190,1.5
7191,1.8
7192,3.3
7193,3.4
7194,2.2
7195,2.7
7196,2.7
7197,2.0
7198,2.3
7199,3.3
7200,1.4
7201,3.3
7202,1.4
7203,1.7
7204,1.2
7205,3.6
7206,1.8
7207,3.2
7208,3.2
7209,3.3
7210,2.9
7211,3.8
7212,1.4
7213,3.5
7214,3.2
7215,2.0
7216,1.0
7217,1.5
7218,1.3
7219,3.2
7220,2.1
7221,1.6
7222,3.1
7223,2.1
7224,1.5
7225,3.6
7226,2.2
7227,1.9
7228,2.0
7229,1.9
7230,1.1
7231,3.2
7232,1.2
7233,3.0
7234,2.5
7235,2.0
7236,1.1
7237,2.1
7238,2.6
7239,1.3
7240,2.9
7241,1.4
7242,3.4
7243,3.0
7244,2.2
7245,3.7
7246,2.7
7247,1.6
7248,3.0
7249,1.3
7250,1.8
7251,2.8
7252,3.5
7253,3.3
7254,2.0
7255,1.8
7256,4.0
7257,3.9
7258,1.4
7259,2.1
7260,3.2
7261,2.8
7262,3.1
7263,3.4
7264,2.7
7265,1.4
7266,3.0
7267,1.3
7268,3.8
7269,4.0
7270,1.5
7271,2.2
7272,3.7
7273,3.7
7274,3.4
7275,1.9
7276,1.5
7277,2.7
7278,3.6
7279,2.2
7280,2.5
7281,4.0
7282,1.1
7283,1.2
7284,1.8
7285,3.0
7286,3.5
7287,2.6
7288,1.5
7289,1.7
7290,1.2
7291,2.0
7292,3.4
7293,3.2
7294,2.5
7295,2.4
7296,2.9
7297,2.5
7298,3.4
7299,3.8
7300,1.7
7301,2.7
7302,1.1
7303,3.3
7304,1.8
7305,2.4
7306,2.4
7307,2.0
7308,2.3
7309,2.7
7310,2.3
7311,1.3
7312,1.1
7313,1.5
7314,3.9
7315,1.6
7316,2.8
7317,1.3
7318,1.3
7319,2.9
7320,3.4
7321,2.9
7322,1.1
7323,2.4
7324,1.5
7325,1.1
7326,2.3
7327,2.0
7328,1.3
7329,1.8
7330,1.2
7331,1.2
7332,1.4
7333,3.9
7334,1.3
7335,2.8
7336,1.5
7337,3.0
7338,3.4
7339,1.8
7340,3.1
7341,2.5
7342,1.9
7343,3.9
7344,2.4
7345,3.5
7346,1.8
7347,2.8
7348,1.7
7349,2.3
7350,1.6
7351,1.1
7352,3.7
7353,2.5
7354,2.8
7355,2.6
7356,2.1
7357,1.8
7358,3.1
7359,3.6
7360,2.8
7361,2.7
7362,3.6
7363,1.3
7364,1.8
7365,2.3
7366,1.8
7367,1.4
7368,2.2
7369,2.3
7370,3.4
7371,3.2
7372,2.5
7373,2.1
7374,3.3
7375,3.5
7376,3.6
7377,2.0
7378,1.2
7379,3.8
7380,1.9
7381,2.1
7382,2.6
7383,2.9
7384,1.6
7385,3.3
7386,2.4
7387,2.0
7388,1.4
7389,1.2
7390,1.8
7391,1.4
7392,1.6
7393,2.2
7394,3.9
7395,1.6
7396,2.5
7397,2.7
7398,2.3
7399,1.9
7400,3.7
7401,1.2
7402,2.8
7403,1.4
7404,3.3
7405,1.3
7406,1.5
7407,1.1
7408,2.2
7409,3.3
7410,1.6
7411,1.8
7412,1.1
7413,3.9
7414,2.4
7415,1.6
7416,1.7
7417,1.4
7418,3.9
7419,1.2
7420,2.0
7421,2.2
7422,2.5
7423,3.9
7424,3.4
7425,2.3
7426,3.2
7427,3.8
7428,3.3
7429,3.1
7430,3.9
7431,1.0
7432,3.7
7433,1.6
7434,3.5
7435,2.0
7436,1.4
7437,1.8
7438,1.6
7439,1.8
7440,3.7
7441,2.1
7442,1.1
7443,2.0
7444,2.5
7445,3.3
7446,3.6
7447,3.9
7448,1.8
7449,1.3
7450,2.5
7451,2.2
7452,1.5
7453,1.2
7454,1.2
7455,1.2
7456,2.9
7457,2.1
7458,3.5
7459,2.4
7460,1.6
7461,3.4
7462,3.5
7463,3.9
7464,3.7
7465,3.8
7466,3.9
7467,2.3
7468,3.8
7469,2.3
7470,1.5
7471,3.7
7472,1.2
7473,2.9
7474,3.6
7475,1.6
7476,2.1
7477,1.4
7478,3.1
7479,2.7
7480,3.0
7481,2.8
7482,4.0
7483,3.7
7484,3.9
7485,2.7
7486,2.9
7487,1.4
7488,2.0
7489,2.3
7490,2.8
7491,2.5
7492,2.8
7493,1.5
7494,3.9
7495,3.4
7496,2.4
7497,3.6
7498,2.7
7499,2.9
7500,2.2
7501,3.9
7502,1.8
7503,3.7
7504,2.3
7505,3.3
7506,3.3
7507,1.7
7508,1.1
7509,3.8
7510,1.0
7511,3.1
7512,3.3
7513,2.0
7514,1.4
7515,3.5
7516,2.7
7517,3.9
7518,3.5
7519,1.6
7520,1.2
7521,3.8
7522,3.1
7523,2.8
7524,2.9
7525,2.5
7526,2.3
7527,3.4
7528,1.7
7529,3.8
7530,3.6
7531,3.8
7532,1.9
7533,3.6
7534,1.8
7535,2.3
7536,1.1
7537,1.7
7538,3.6
7539,2.6
7540,1.8
7541,2.5
7542,3.3
7543,3.4
7544,2.4
7545,1.9
7546,3.6
7547,2.6
7548,1.9
7549,2.4
7550,2.8
7551,3.2
7552,3.8
7553,1.4
7554,2.0
7555,1.7
7556,2.2
7557,1.3
7558,1.3
7559,2.1
7560,2.4
7561,2.4
7562,3.8
7563,1.1
7564,3.0
7565,3.0
7566,3.6
7567,3.0
7568,1.0
7569,3.4
7570,2.7
7571,3.8
7572,3.5
7573,1.9
7574,3.1
7575,3.2
7576,3.6
7577,1.9
7578,2.8
7579,2.0
7580,1.7
7581,2.1
7582,1.3
7583,1.7
7584,1.8
7585,2.5
7586,3.5
7587,1.2
7588,3.4
7589,1.6
7590,3.5
7591,3.0
7592,1.1
7593,1.1
7594,2.3
7595,2.4
7596,1.3
7597,3.3
7598,1.2
7599,3.7
7600,2.4
7601,1.4
7602,1.0
7603,2.5
7604,2.8
7605,2.2
7606,3.8
7607,2.2
7608,2.8
7609,2.4
7610,1.1
7611,3.6
7612,3.1
7613,2.1
7614,3.3
7615,2.5
7616,1.5
7617,2.0
7618,2.8
7619,3.8
7620,1.8
7621,2.5
7622,3.6
7623,3.2
7624,1.7
7625,3.2
7626,1.0
7627,3.3
7628,2.9
7629,1.2
7630,3.3
7631,3.4
7632,1.5
7633,2.4
7634,2.6
7635,1.1
7636,3.8
7637,3.2
7638,1.8
7639,1.7
7640,1.9
7641,1.2
7642,3.6
7643,1.4
7644,3.1
7645,1.7
7646,1.7
7647,2.7
7648,2.0
7649,3.1
7650,2.6
7651,2.6
7652,4.0
7653,3.9
7654,2.9
7655,3.1
7656,3.3
7657,1.3
7658,2.1
7659,3.3
7660,1.4
7661,2.1
7662,1.9
7663,3.0
7664,3.5
7665,1.7
7666,1.5
7667,1.8
7668,2.2
7669,2.0
7670,1.9
7671,3.9
7672,1.4
7673,1.4
7674,3.5
7675,2.9
7676,1.6
7677,3.3
7678,1.1
7679,3.1
7680,3.7
7681,1.1
7682,1.8
7683,1.2
7684,1.9
7685,2.3
7686,1.3
7687,3.3
7688,1.3
7689,1.8
7690,2.0
7691,4.0
7692,1.2
7693,1.9
7694,2.0
7695,2.0
7696,2.9
7697,2.6
7698,2.5
7699,2.2
7700,3.5
7701,2.4
7702,3.4
7703,3.5
7704,2.5
7705,3.7
7706,3.2
7707,3.5
7708,1.8
7709,1.7
7710,2.9
7711,1.3
7712,3.9
7713,2.0
7714,3.1
7715,3.5
7716,3.5
7717,2.6
7718,3.7
7719,2.6
7720,1.6
7721,3.1
7722,2.5
7723,1.2
7724,3.5
7725,3.8
7726,2.1
7727,3.4
7728,2.5
7729,2.3
7730,2.6
7731,2.9
7732,2.4
7733,3.7
7734,1.7
7735,3.1
7736,1.7
7737,1.2
7738,1.4
7739,1.1
7740,1.2
7741,2.5
7742,2.8
7743,2.9
7744,3.6
7745,3.5
7746,3.7
7747,2.4
7748,2.2
7749,2.6
7750,1.6
7751,1.8
7752,2.8
7753,1.9
7754,1.6
7755,2.2
7756,3.3
7757,2.5
7758,1.1
7759,1.4
7760,2.0
7761,1.0
7762,3.1
7763,3.3
7764,2.9
7765,2.1
7766,1.8
7767,3.0
7768,1.4
7769,1.5
7770,4.0
7771,1.3
7772,1.6
7773,1.3
7774,2.0
7775,2.6
7776,2.2
7777,2.1
7778,2.3
7779,1.1
7780,3.1
7781,2.4
7782,2.1
7783,2.3
7784,3.9
7785,2.9
7786,1.4
7787,2.8
7788,2.5
7789,3.2
7790,2.7
7791,1.3
7792,2.4
7793,1.5
7794,2.5
7795,3.2
7796,3.1
7797,1.9
7798,2.2
7799,1.6
7800,3.9
7801,3.1
7802,2.8
7803,1.6
7804,2.4
7805,3.5
7806,3.9
7807,1.6
7808,1.0
7809,1.5
7810,1.3
7811,1.3
7812,1.7
7813,1.4
7814,2.2
7815,1.1
7816,3.6
7817,2.5
7818,2.3
7819,1.7
7820,3.7
7821,1.1
7822,2.5
7823,3.5
7824,2.1
7825,1.6
7826,3.0
7827,1.8
7828,1.0
7829,2.7
7830,2.4
7831,2.7
7832,1.2
7833,2.6
7834,2.4
7835,2.6
7836,4.0
7837,1.4
7838,3.3
7839,2.5
7840,2.8
7841,1.6
7842,2.9
7843,2.9
7844,1.9
7845,2.5
7846,2.6
7847,2.6
7848,2.3
7849,2.6
7850,3.9
7851,2.0
7852,3.6
7853,1.7
7854,1.2
7855,3.9
7856,2.1
7857,2.3
7858,2.4
7859,3.3
7860,3.6
7861,1.5
7862,2.0
7863,3.4
7864,1.3
7865,2.1
7866,1.7
7867,1.7
7868,3.0
7869,1.9
7870,3.2
7871,3.9
7872,1.2
7873,2.4
7874,2.6
7875,3.7
7876,3.3
7877,1.7
7878,3.0
7879,2.0
7880,2.7
7881,3.7
7882,2.4
7883,1.3
7884,1.1
7885,3.4
7886,1.4
7887,2.5
7888,1.8
7889,2.6
7890,2.2
7891,3.8
7892,2.9
7893,3.1
7894,3.4
7895,2.4
7896,1.9
7897,2.4
7898,2.3
7899,2.9
7900,1.2
7901,3.1
7902,2.4
7903,2.6
7904,2.3
7905,2.3
7906,1.9
7907,1.5
7908,1.0
7909,2.9
7910,3.5
7911,1.7
7912,2.7
7913,1.3
7914,3.3
7915,2.8
7916,2.9
7917,2.6
7918,3.5
7919,3.2
7920,2.1
7921,1.1
7922,1.9
7923,3.1
7924,1.3
7925,1.6
7926,1.8
7927,1.9
7928,3.7
7929,1.9
7930,3.0
7931,3.5
7932,2.7
7933,1.9
7934,2.1
7935,1.5
7936,1.3
7937,1.4
7938,1.1
7939,4.0
7940,3.5
7941,1.8
7942,2.1
7943,3.2
7944,4.0
7945,2.9
7946,3.1
7947,1.2
7948,1.7
7949,2.0
7950,1.8
7951,2.4
7952,1.7
7953,3.1
7954,3.7
7955,2.1
7956,3.3
7957,3.2
7958,3.0
7959,3.0
7960,2.6
7961,3.4
7962,1.5
7963,1.1
7964,2.4
7965,1.4
7966,2.1
7967,2.1
7968,1.3
7969,3.0
7970,3.6
7971,3.5
7972,1.4
7973,3.6
7974,2.1
7975,1.9
7976,2.7
7977,2.2
7978,2.3
7979,2.8
7980,1.8
7981,2.1
7982,1.3
7983,3.4
7984,3.8
7985,3.9
7986,1.0
7987,1.6
7988,3.2
7989,1.3
7990,4.0
7991,2.6
7992,1.5
7993,2.5
7994,2.1
7995,2.9
7996,3.8
7997,4.0
7998,1.6
7999,1.4
8000,1.5
8001,3.9
8002,1.3
8003,3.6
8004,2.6
8005,1.2
8006,2.8
8007,2.5
8008,2.7
8009,2.2
8010,1.4
8011,1.3
8012,3.7
8013,3.3
8014,3.0
8015,2.1
8016,1.9
8017,3.6
8018,1.7
8019,2.1
8020,3.0
8021,2.3
8022,1.3
8023,2.3
8024,2.4
8025,1.3
8026,1.3
8027,1.9
8028,1.5
8029,3.7
8030,2.8
8031,2.9
8032,2.2
8033,3.7
8034,1.8
8035,1.6
8036,2.6
8037,2.8
8038,2.2
8039,1.4
8040,3.0
8041,1.3
8042,2.2
8043,1.8
8044,2.6
8045,3.5
8046,3.7
8047,3.8
8048,3.1
8049,1.2
8050,2.4
8051,2.4
8052,3.1
8053,3.0
8054,2.7
8055,3.9
8056,1.9
8057,3.1
8058,2.5
8059,3.2
8060,3.7
8061,1.8
8062,3.7
8063,2.7
8064,3.7
8065,1.6
8066,3.5
8067,3.4
8068,3.0
8069,3.7
8070,2.9
8071,2.1
8072,1.3
8073,2.8
8074,1.1
8075,2.5
8076,2.1
8077,3.1
8078,3.2
8079,1.8
8080,2.7
8081,3.8
8082,1.7
8083,2.9
8084,3.6
8085,2.4
8086,1.2
8087,3.8
8088,1.4
8089,1.6
8090,3.7
8091,2.1
8092,2.6
8093,1.4
8094,2.6
8095,2.7
8096,3.7
8097,3.4
8098,1.6
8099,2.9
8100,1.1
8101,3.6
8102,2.3
8103,1.7
8104,2.9
8105,2.5
8106,1.2
8107,3.9
8108,2.8
8109,2.3
8110,2.4
8111,1.6
8112,3.0
8113,1.2
8114,4.0
8115,2.7
8116,1.0
8117,3.0
8118,1.5
8119,2.0
8120,1.4
8121,1.2
8122,2.8
8123,1.2
8124,2.5
8125,2.0
8126,1.9
8127,2.4
8128,4.0
8129,2.5
8130,3.4
8131,3.1
8132,1.8
8133,2.5
8134,1.8
8135,2.1
8136,3.1
8137,3.8
8138,1.6
8139,3.2
8140,2.1
8141,2.2
8142,3.2
8143,2.8
8144,3.2
8145,3.6
8146,2.0
8147,2.4
8148,2.4
8149,3.0
8150,1.1
8151,3.9
8152,3.3
8153,2.8
8154,1.3
8155,3.1
8156,1.3
8157,1.0
8158,1.4
8159,1.2
8160,3.7
8161,1.8
8162,1.8
8163,3.0
8164,2.9
8165,3.8
8166,1.4
8167,2.0
8168,2.2
8169,1.2
8170,1.6
8171,1.2
8172,2.2
8173,1.0
8174,1.4
8175,1.2
8176,2.3
8177,2.5
8178,1.9
8179,3.9
8180,2.7
8181,1.8
8182,3.5
8183,3.9
8184,1.4
8185,2.8
8186,3.4
8187,3.9
8188,3.0
8189,3.3
8190,3.3
8191,1.5
8192,2.6
8193,1.3
8194,2.3
8195,3.5
8196,3.4
8197,1.4
8198,3.4
8199,3.9
8200,3.1
8201,2.3
8202,1.5
8203,3.9
8204,1.4
8205,4.0
8206,3.4
8207,1.8
8208,2.2
8209,2.0
8210,1.9
8211,1.8
8212,3.7
8213,3.8
8214,2.4
8215,3.7
8216,1.8
8217,1.0
8218,2.7
8219,1.3
8220,1.2
8221,2.5
8222,2.1
8223,3.3
8224,2.1
8225,2.5
8226,3.4
8227,1.9
8228,2.3
8229,3.9
8230,2.8
8231,3.2
8232,1.0
8233,2.8
8234,2.7
8235,2.1
8236,2.8
8237,2.8
8238,4.0
8239,3.7
8240,1.4
8241,3.4
8242,3.1
8243,1.4
8244,2.8
8245,3.1
8246,1.7
8247,2.7
8248,1.1
8249,2.7
8250,2.2
8251,3.1
8252,1.0
8253,3.0
8254,1.7
8255,2.5
8256,2.9
8257,2.7
8258,3.7
8259,2.0
8260,1.3
8261,2.0
8262,2.2
8263,3.5
8264,2.4
8265,2.8
8266,3.2
8267,1.3
8268,1.9
8269,3.1
8270,3.5
8271,2.6
8272,2.1
8273,1.0
8274,3.4
8275,1.8
8276,2.7
8277,2.5
8278,1.0
8279,1.4
8280,2.8
8281,3.6
8282,3.6
8283,1.8
8284,1.0
8285,1.7
8286,2.0
8287,2.5
8288,2.7
8289,2.8
8290,1.7
8291,2.4
8292,1.9
8293,1.8
8294,3.2
8295,3.0
8296,1.6
8297,2.7
8298,2.3
8299,2.0
8300,2.5
8301,2.3
8302,1.2
8303,2.1
8304,2.0
8305,2.3
8306,2.0
8307,1.6
8308,3.3
8309,3.7
8310,2.8
8311,2.4
8312,3.5
8313,3.6
8314,1.5
8315,3.7
8316,2.8
8317,1.8
8318,4.0
8319,3.5
8320,2.1
8321,3.7
8322,2.9
8323,3.0
8324,1.3
8325,3.8
8326,1.5
8327,2.4
8328,3.7
8329,2.4
8330,2.5
8331,2.6
8332,2.3
8333,1.4
8334,1.6
8335,1.7
8336,2.9
8337,3.9
8338,3.3
8339,2.5
8340,1.4
8341,3.1
8342,2.2
8343,3.1
8344,3.3
8345,1.7
8346,1.7
8347,1.9
8348,1.5
8349,2.1
8350,3.7
8351,1.7
8352,2.3
8353,3.1
8354,3.6
8355,3.2
8356,1.1
8357,2.0
8358,1.6
8359,2.6
8360,2.1
8361,2.3
8362,2.4
8363,3.1
8364,3.5
8365,1.7
8366,2.3
8367,2.9
8368,2.2
8369,3.0
8370,1.8
8371,1.5
8372,2.0
8373,2.0
8374,2.8
8375,1.4
8376,1.4
8377,1.8
8378,2.2
8379,1.5
8380,1.8
8381,3.1
8382,3.8
8383,1.1
8384,2.8
8385,2.9
8386,3.0
8387,1.6
8388,3.9
8389,2.4
8390,2.6
8391,2.4
8392,3.3
8393,2.9
8394,3.5
8395,1.4
8396,1.3
8397,2.7
8398,1.8
8399,2.8
8400,3.0
8401,2.4
8402,1.5
8403,1.8
8404,1.0
8405,1.5
8406,2.2
8407,2.8
8408,2.8
8409,2.7
8410,1.2
8411,2.5
8412,2.2
8413,1.6
8414,2.5
8415,3.0
8416,1.8
8417,2.3
8418,3.5
8419,3.3
8420,3.2
8421,3.0
8422,2.9
8423,2.8
8424,1.4
8425,1.1
8426,3.8
8427,2.5
8428,2.2
8429,3.2
8430,1.0
8431,3.5
8432,2.1
8433,4.0
8434,1.9
8435,2.5
8436,1.9
8437,2.8
8438,1.2
8439,1.8
8440,1.4
8441,3.6
8442,1.2
8443,1.0
8444,1.3
8445,1.6
8446,3.6
8447,1.3
8448,2.9
8449,3.2
8450,2.1
8451,3.4
8452,3.4
8453,2.4
8454,1.3
8455,3.6
8456,1.1
8457,1.8
8458,1.2
8459,2.6
8460,2.6
8461,3.0
8462,1.7
8463,3.5
8464,1.5
8465,3.5
8466,2.8
8467,2.2
8468,3.4
8469,1.9
8470,1.2
8471,3.0
8472,3.1
8473,3.1
8474,3.2
8475,2.0
8476,3.3
8477,2.7
8478,1.9
8479,1.2
8480,2.2
8481,2.3
8482,3.4
8483,2.5
8484,1.5
8485,2.6
8486,2.8
8487,1.8
8488,1.3
8489,3.1
8490,1.1
8491,1.6
8492,2.8
8493,3.7
8494,3.5
8495,2.8
8496,2.7
8497,1.4
8498,3.2
8499,3.0
8500,2.7
8501,1.1
8502,1.5
8503,3.4
8504,3.3
8505,4.0
8506,1.7
8507,2.5
8508,3.0
8509,1.7
8510,4.0
8511,1.3
8512,2.6
8513,2.5
8514,3.6
8515,1.0
8516,3.6
8517,3.2
8518,1.7
8519,3.2
8520,1.4
8521,3.6
8522,2.8
8523,1.4
8524,2.5
8525,3.3
8526,1.9
8527,2.1
8528,2.4
8529,1.0
8530,1.0
8531,2.0
8532,3.9
8533,3.7
8534,2.8
8535,2.2
8536,1.5
8537,3.0
8538,2.3
8539,1.1
8540,1.9
8541,1.3
8542,1.5
8543,1.9
8544,1.9
8545,3.2
8546,1.6
8547,3.2
8548,3.8
8549,1.2
8550,2.2
8551,3.4
8552,1.3
8553,1.2
8554,2.8
8555,2.6
8556,4.0
8557,3.9
8558,1.9
8559,1.4
8560,1.3
8561,2.9
8562,2.3
8563,2.9
8564,2.5
8565,1.2
8566,2.7
8567,1.7
8568,2.3
8569,3.8
8570,1.3
8571,1.5
8572,1.1
8573,1.3
8574,2.9
8575,2.1
8576,2.3
8577,2.7
8578,3.4
8579,2.1
8580,2.0
8581,3.1
8582,1.6
8583,3.0
8584,2.0
8585,3.5
8586,2.7
8587,2.8
8588,3.9
8589,3.7
8590,3.5
8591,3.8
8592,3.2
8593,3.3
8594,2.5
8595,3.0
8596,2.4
8597,1.8
8598,3.4
8599,1.7
8600,1.4
8601,2.7
8602,1.3
8603,2.7
8604,1.1
8605,1.0
8606,2.1
8607,2.6
8608,3.1
8609,2.9
8610,1.3
8611,3.7
8612,3.3
8613,2.7
8614,2.2
8615,3.3
8616,3.6
8617,2.7
8618,1.1
8619,1.7
8620,2.4
8621,3.4
8622,2.7
8623,2.2
8624,1.3
8625,3.1
8626,2.7
8627,1.8
8628,1.6
8629,1.6
8630,3.1
8631,2.6
8632,1.7
8633,1.6
8634,3.9
8635,3.2
8636,1.4
8637,3.0
8638,3.5
8639,3.6
8640,3.5
8641,2.3
8642,3.5
8643,2.0
8644,1.8
8645,1.5
8646,1.1
8647,3.1
8648,3.3
8649,1.3
8650,2.3
8651,2.2
8652,3.4
8653,3.7
8654,1.7
8655,3.9
8656,2.9
8657,2.3
8658,3.7
8659,1.9
8660,1.3
8661,2.7
8662,1.3
8663,3.5
8664,3.9
8665,3.7
8666,2.1
8667,1.9
8668,2.2
8669,1.6
8670,1.1
8671,3.6
8672,2.0
8673,2.0
8674,2.0
8675,2.7
8676,2.8
8677,2.8
8678,2.9
8679,3.5
8680,1.3
8681,3.5
8682,1.2
8683,2.6
8684,3.9
8685,3.6
8686,1.2
8687,2.0
8688,1.3
8689,3.7
8690,2.1
8691,1.7
8692,1.9
8693,1.3
8694,3.4
8695,1.7
8696,2.1
8697,2.8
8698,1.7
8699,2.5
8700,3.4
8701,1.6
8702,2.6
8703,1.9
8704,4.0
8705,3.7
8706,1.6
8707,3.6
8708,3.1
8709,2.9
8710,1.5
8711,3.4
8712,3.6
8713,1.1
8714,3.6
8715,3.6
8716,3.2
8717,3.0
8718,3.1
8719,2.8
8720,1.4
8721,1.2
8722,1.3
8723,1.9
8724,3.0
8725,3.6
8726,1.2
8727,3.5
8728,3.0
8729,1.5
8730,1.4
8731,3.6
8732,1.8
8733,1.6
8734,2.8
8735,1.2
8736,2.1
8737,3.3
8738,1.5
8739,1.9
8740,2.9
8741,1.5
8742,1.6
8743,1.9
8744,1.5
8745,3.8
8746,3.7
8747,2.2
8748,3.5
8749,2.3
8750,3.6
8751,2.2
8752,1.6
8753,1.9
8754,2.7
8755,3.6
8756,4.0
8757,1.5
8758,1.3
8759,1.0
8760,2.4
8761,2.6
8762,3.1
8763,3.1
8764,1.7
8765,2.4
8766,3.0
8767,3.1
8768,1.1
8769,2.3
8770,1.0
8771,3.1
8772,3.2
8773,2.7
8774,2.6
8775,3.6
8776,1.6
8777,2.1
8778,1.9
8779,3.3
8780,1.8
8781,3.6
8782,1.7
8783,1.3
8784,2.8
8785,2.2
8786,1.5
8787,3.5
8788,3.2
8789,1.5
8790,3.2
8791,3.1
8792,2.3
8793,3.2
8794,2.2
8795,2.7
8796,3.2
8797,1.9
8798,2.1
8799,2.6
8800,1.4
8801,3.7
8802,2.9
8803,2.2
8804,1.5
8805,3.1
8806,2.7
8807,3.2
8808,3.1
8809,1.5
8810,1.5
8811,3.3
8812,1.4
8813,2.2
8814,3.9
8815,1.8
8816,1.9
8817,1.6
8818,2.9
8819,2.8
8820,3.5
8821,3.2
8822,2.1
8823,3.0
8824,2.9
8825,2.4
8826,1.3
8827,1.5
8828,3.0
8829,3.3
8830,3.8
8831,1.7
8832,2.8
8833,1.1
8834,1.3
8835,3.6
8836,2.6
8837,3.2
8838,2.4
8839,3.7
8840,3.2
8841,3.0
8842,3.6
8843,3.4
8844,2.1
8845,3.5
8846,3.1
8847,2.8
8848,1.5
8849,1.6
8850,1.7
8851,1.1
8852,2.3
8853,2.4
8854,3.6
8855,3.6
8856,3.3
8857,2.0
8858,2.5
8859,3.1
8860,3.1
8861,2.6
8862,3.1
8863,2.3
8864,3.1
8865,2.1
8866,3.7
8867,1.4
8868,4.0
8869,2.9
8870,3.7
8871,2.5
8872,3.4
8873,2.3
8874,3.4
8875,2.1
8876,3.9
8877,2.1
8878,2.4
8879,1.4
8880,1.9
8881,1.5
8882,1.7
8883,1.1
8884,1.7
8885,1.7
8886,3.7
8887,2.4
8888,1.1
8889,2.3
8890,3.2
8891,3.9
8892,2.6
8893,2.6
8894,3.6
8895,3.1
8896,1.8
8897,3.6
8898,1.6
8899,3.2
8900,1.9
8901,1.8
8902,1.5
8903,3.4
8904,2.0
8905,2.4
8906,3.8
8907,3.3
8908,3.9
8909,1.4
8910,1.3
8911,2.7
8912,2.5
8913,1.3
8914,3.6
8915,3.0
8916,1.7
8917,2.3
8918,2.4
8919,1.8
8920,2.7
8921,2.9
8922,2.5
8923,3.2
8924,1.3
8925,2.3
8926,2.8
8927,3.1
8928,2.0
8929,2.2
8930,1.2
8931,3.9
8932,3.3
8933,2.4
8934,1.7
8935,3.2
8936,2.5
8937,3.3
8938,1.0
8939,1.4
8940,2.7
8941,2.4
8942,3.1
8943,1.1
8944,1.2
8945,3.2
8946,3.0
8947,1.1
8948,1.2
8949,3.5
8950,3.2
8951,1.6
8952,2.3
8953,1.5
8954,3.8
8955,2.9
8956,1.0
8957,2.1
8958,3.7
8959,3.9
8960,2.8
8961,1.3
8962,3.9
8963,1.8
8964,2.2
8965,2.0
8966,3.3
8967,2.3
8968,1.7
8969,1.3
8970,3.5
8971,1.6
8972,1.3
8973,1.7
8974,1.9
8975,1.3
8976,2.6
8977,2.2
8978,3.4
8979,2.7
8980,1.6
8981,1.8
8982,3.4
8983,1.3
8984,3.4
8985,2.3
8986,3.6
8987,1.7
8988,3.4
8989,2.5
8990,1.6
8991,2.3
8992,2.6
8993,1.1
8994,2.0
8995,2.7
8996,2.7
8997,1.7
8998,2.8
8999,2.5
9000,3.5
9001,3.2
9002,3.5
9003,2.7
9004,3.2
9005,3.8
9006,1.5
9007,3.7
9008,1.4
9009,1.2
9010,1.9
9011,2.8
9012,2.0
9013,2.5
9014,3.1
9015,1.4
9016,3.5
9017,2.3
9018,1.8
9019,3.3
9020,3.3
9021,2.6
9022,1.4
9023,3.1
9024,1.4
9025,2.8
9026,1.4
9027,1.2
9028,1.1
9029,3.9
9030,2.0
9031,1.9
9032,2.9
9033,1.8
9034,2.2
9035,1.3
9036,2.0
9037,2.6
9038,2.0
9039,1.6
9040,1.3
9041,1.5
9042,3.4
9043,2.2
9044,2.6
9045,1.2
9046,1.8
9047,1.9
9048,3.4
9049,1.2
9050,2.0
9051,1.1
9052,3.8
9053,2.5
9054,3.0
9055,1.2
9056,2.9
9057,3.0
9058,2.5
9059,3.8
9060,2.0
9061,1.3
9062,2.5
9063,2.5
9064,3.5
9065,2.7
9066,3.1
9067,1.6
9068,3.7
9069,3.9
9070,3.0
9071,1.5
9072,3.5
9073,4.0
9074,3.7
9075,1.8
9076,2.4
9077,3.2
9078,3.4
9079,1.7
9080,1.5
9081,3.6
9082,3.0
9083,2.2
9084,3.6
9085,2.9
9086,3.0
9087,2.7
9088,3.6
9089,1.2
9090,1.9
9091,3.9
9092,3.8
9093,1.2
9094,3.1
9095,2.8
9096,2.3
9097,3.1
9098,3.3
9099,2.4
9100,2.4
9101,3.0
9102,1.2
9103,1.6
9104,3.6
9105,2.2
9106,1.9
9107,2.2
9108,1.4
9109,2.3
9110,2.6
9111,3.6
9112,2.2
9113,2.2
9114,3.2
9115,1.4
9116,3.9
9117,1.6
9118,2.5
9119,2.3
9120,1.4
9121,2.3
9122,1.3
9123,1.8
9124,3.8
9125,2.1
9126,2.3
9127,2.7
9128,2.8
9129,1.2
9130,4.0
9131,2.5
9132,1.1
9133,3.3
9134,3.2
9135,1.6
9136,2.8
9137,2.9
9138,3.9
9139,3.1
9140,2.4
9141,3.7
9142,3.7
9143,2.1
9144,3.6
9145,3.8
9146,1.9
9147,2.4
9148,2.4
9149,2.3
9150,3.7
9151,2.3
9152,2.2
9153,3.4
9154,3.0
9155,2.1
9156,1.1
9157,3.8
9158,3.8
9159,3.3
9160,2.6
9161,2.3
9162,2.7
9163,3.5
9164,2.9
9165,2.3
9166,1.9
9167,3.4
9168,2.5
9169,2.7
9170,3.2
9171,1.8
9172,1.3
9173,2.7
9174,3.6
9175,3.7
9176,1.3
9177,2.1
9178,3.0
9179,1.6
9180,1.7
9181,1.3
9182,2.0
9183,3.5
9184,2.6
9185,1.1
9186,3.7
9187,3.1
9188,2.8
9189,4.0
9190,2.1
9191,1.5
9192,1.3
9193,1.5
9194,1.7
9195,1.4
9196,3.1
9197,1.8
9198,2.8
9199,2.1
9200,1.7
9201,2.7
9202,2.0
9203,3.4
9204,1.1
9205,1.1
9206,3.8
9207,1.6
9208,1.9
9209,3.9
9210,1.4
9211,2.3
9212,2.8
9213,1.4
9214,3.4
9215,1.3
9216,1.4
9217,3.1
9218,1.4
9219,1.7
9220,3.5
9221,2.9
9222,3.3
9223,2.1
9224,2.0
9225,1.4
9226,2.9
9227,4.0
9228,3.6
9229,3.2
9230,1.2
9231,3.5
9232,2.6
9233,1.3
9234,1.1
9235,2.1
9236,3.3
9237,2.6
9238,1.1
9239,1.0
9240,2.5
9241,1.1
9242,1.5
9243,2.9
9244,2.2
9245,1.4
9246,3.6
9247,2.6
9248,3.5
9249,1.1
9250,1.4
9251,1.1
9252,2.0
9253,3.1
9254,2.6
9255,3.5
9256,3.4
9257,2.8
9258,3.1
9259,2.1
9260,3.9
9261,1.2
9262,2.7
9263,2.9
9264,3.4
9265,1.3
9266,1.1
9267,2.2
9268,2.3
9269,1.6
9270,2.6
9271,3.0
9272,3.2
9273,2.3
9274,1.1
9275,2.9
9276,3.2
9277,1.5
9278,1.3
9279,2.7
9280,2.3
9281,4.0
9282,2.7
9283,1.5
9284,2.2
9285,2.7
9286,2.6
9287,1.2
9288,2.9
9289,1.5
9290,3.9
9291,3.4
9292,3.3
9293,2.6
9294,2.1
9295,3.5
9296,4.0
9297,3.0
9298,2.1
9299,3.6
9300,2.5
9301,3.3
9302,3.8
9303,1.2
9304,3.1
9305,3.1
9306,2.0
9307,1.9
9308,4.0
9309,2.4
9310,1.2
9311,1.9
9312,2.5
9313,2.9
9314,3.6
9315,2.3
9316,1.8
9317,3.2
9318,1.1
9319,2.2
9320,4.0
9321,1.8
9322,1.8
9323,2.1
9324,3.2
9325,2.6
9326,3.6
9327,2.7
9328,1.7
9329,1.2
9330,2.1
9331,2.0
9332,1.7
9333,2.9
9334,1.8
9335,1.2
9336,3.3
9337,1.2
9338,2.7
9339,1.6
9340,3.4
9341,2.7
9342,1.7
9343,3.6
9344,1.2
9345,2.5
9346,1.5
9347,2.5
9348,2.1
9349,2.9
9350,3.6
9351,1.0
9352,2.3
9353,3.7
9354,1.8
9355,3.3
9356,2.5
9357,2.4
9358,2.3
9359,2.5
9360,1.9
9361,2.4
9362,3.3
9363,1.9
9364,2.7
9365,3.1
9366,2.8
9367,1.9
9368,2.4
9369,1.5
9370,1.3
9371,3.2
9372,4.0
9373,3.4
9374,2.4
9375,2.8
9376,2.8
9377,1.6
9378,2.1
9379,1.5
9380,2.1
9381,3.6
9382,1.2
9383,3.0
9384,3.5
9385,1.9
9386,3.7
9387,3.7
9388,1.6
9389,3.9
9390,3.6
9391,1.3
9392,2.5
9393,2.7
9394,1.9
9395,1.0
9396,2.5
9397,3.3
9398,2.3
9399,3.2
9400,3.0
9401,3.0
9402,2.1
9403,2.3
9404,3.4
9405,1.4
9406,3.6
9407,1.9
9408,3.2
9409,1.8
9410,3.9
9411,2.6
9412,3.1
9413,3.8
9414,3.7
9415,3.6
9416,3.3
9417,1.1
9418,3.2
9419,3.5
9420,1.6
9421,2.2
9422,1.7
9423,3.2
9424,3.2
9425,2.8
9426,3.4
9427,1.2
9428,2.8
9429,2.7
9430,3.4
9431,2.0
9432,1.2
9433,2.6
9434,1.1
9435,1.9
9436,1.5
9437,1.9
9438,1.1
9439,1.6
9440,1.6
9441,2.1
9442,3.6
9443,3.7
9444,1.1
9445,1.9
9446,2.4
9447,2.7
9448,2.4
9449,2.6
9450,3.2
9451,1.6
9452,1.3
9453,3.6
9454,1.5
9455,2.8
9456,2.1
9457,3.2
9458,3.4
9459,1.0
9460,1.1
9461,3.0
9462,2.0
9463,2.4
9464,2.0
9465,2.5
9466,3.7
9467,1.8
9468,1.3
9469,1.2
9470,1.2
9471,2.0
9472,2.3
9473,2.2
9474,2.8
9475,2.7
9476,2.8
9477,3.8
9478,1.7
9479,3.8
9480,1.4
9481,3.4
9482,1.6
9483,2.5
9484,3.0
9485,2.0
9486,2.6
9487,2.2
9488,2.3
9489,3.0
9490,2.1
9491,2.6
9492,1.4
9493,1.7
9494,2.3
9495,1.7
9496,1.4
9497,1.2
9498,2.1
9499,3.6
9500,1.7
9501,3.1
9502,2.2
9503,3.1
9504,2.7
9505,3.7
9506,2.4
9507,1.1
9508,2.1
9509,3.3
9510,1.3
9511,1.1
9512,3.9
9513,3.0
9514,2.4
9515,2.3
9516,1.1
9517,2.0
9518,3.7
9519,1.8
9520,3.4
9521,1.7
9522,1.3
9523,3.8
9524,1.9
9525,2.1
9526,3.5
9527,3.4
9528,3.8
9529,1.1
9530,2.0
9531,2.4
9532,2.6
9533,2.5
9534,1.7
9535,3.6
9536,1.1
9537,2.8
9538,3.8
9539,3.3
9540,2.3
9541,3.1
9542,3.5
9543,2.0
9544,1.1
9545,2.2
9546,1.4
9547,1.9
9548,2.3
9549,1.9
9550,2.1
9551,2.2
9552,3.9
9553,1.6
9554,1.7
9555,2.2
9556,3.8
9557,2.6
9558,3.3
9559,2.9
9560,3.5
9561,2.2
9562,1.8
9563,2.0
9564,3.0
9565,2.2
9566,2.3
9567,3.6
9568,3.6
9569,1.8
9570,4.0
9571,2.7
9572,2.1
9573,2.1
9574,1.3
9575,1.4
9576,3.2
9577,2.0
9578,2.0
9579,1.8
9580,1.2
9581,2.4
9582,3.3
9583,2.9
9584,2.7
9585,3.0
9586,2.5
9587,3.3
9588,1.0
9589,2.5
9590,1.7
9591,1.7
9592,2.8
9593,2.6
9594,1.9
9595,1.9
9596,3.1
9597,3.3
9598,2.4
9599,2.7
9600,1.5
9601,3.9
9602,1.7
9603,1.9
9604,1.3
9605,4.0
9606,1.3
9607,1.7
9608,3.4
9609,3.8
9610,3.5
9611,3.7
9612,3.0
9613,3.1
9614,3.6
9615,3.3
9616,3.3
9617,1.5
9618,1.8
9619,3.3
9620,3.5
9621,1.4
9622,1.9
9623,1.4
9624,1.6
9625,2.4
9626,1.8
9627,1.2
9628,2.1
9629,2.4
9630,2.0
9631,2.4
9632,1.4
9633,2.0
9634,1.4
9635,1.5
9636,1.8
9637,2.7
9638,1.0
9639,1.4
9640,3.0
9641,3.4
9642,2.8
9643,3.2
9644,2.7
9645,2.8
9646,3.2
9647,2.2
9648,3.9
9649,1.7
9650,1.0
9651,3.2
9652,2.6
9653,3.2
9654,2.4
9655,1.9
9656,2.8
9657,2.8
9658,1.8
9659,2.6
9660,2.2
9661,2.5
9662,1.2
9663,2.5
9664,2.2
9665,2.3
9666,2.0
9667,3.0
9668,1.6
9669,3.3
9670,3.7
9671,1.7
9672,2.9
9673,4.0
9674,3.5
9675,2.1
9676,3.4
9677,3.0
9678,1.8
9679,2.5
9680,2.5
9681,1.9
9682,2.6
9683,1.1
9684,1.6
9685,1.1
9686,3.0
9687,3.5
9688,3.7
9689,1.9
9690,1.1
9691,1.1
9692,3.9
9693,2.9
9694,2.0
9695,1.3
9696,2.2
9697,3.0
9698,3.9
9699,2.4
9700,3.8
9701,2.6
9702,3.1
9703,3.7
9704,1.3
9705,1.4
9706,3.7
9707,2.0
9708,1.8
9709,1.2
9710,3.3
9711,2.3
9712,1.7
9713,3.4
9714,2.7
9715,2.1
9716,1.2
9717,2.1
9718,2.9
9719,1.8
9720,2.0
9721,3.2
9722,3.7
9723,1.9
9724,1.2
9725,1.0
9726,1.3
9727,1.4
9728,2.5
9729,3.5
9730,2.7
9731,3.5
9732,3.8
9733,1.3
9734,3.4
9735,1.4
9736,1.9
9737,2.2
9738,2.9
9739,2.8
9740,2.9
9741,3.2
9742,3.8
9743,3.2
9744,1.3
9745,1.0
9746,2.0
9747,2.0
9748,3.7
9749,1.8
9750,2.7
9751,1.9
9752,2.7
9753,3.0
9754,3.4
9755,2.4
9756,3.5
9757,2.3
9758,1.6
9759,1.0
9760,1.7
9761,1.5
9762,2.8
9763,2.8
9764,2.8
9765,3.3
9766,3.0
9767,3.3
9768,2.5
9769,1.9
9770,1.6
9771,3.8
9772,1.9
9773,2.6
9774,2.5
9775,3.3
9776,3.5
9777,1.4
9778,1.5
9779,2.6
9780,3.3
9781,2.8
9782,2.7
9783,3.8
9784,2.5
9785,3.6
9786,1.4
9787,3.8
9788,2.2
9789,2.3
9790,2.1
9791,1.2
9792,3.0
9793,1.3
9794,3.5
9795,2.5
9796,3.9
9797,2.5
9798,3.0
9799,1.1
9800,3.4
9801,3.9
9802,2.8
9803,1.0
9804,2.6
9805,3.9
9806,1.2
9807,1.9
9808,2.5
9809,2.4
9810,4.0
9811,3.0
9812,1.1
9813,2.1
9814,3.7
9815,3.1
9816,1.6
9817,2.9
9818,2.1
9819,1.7
9820,2.6
9821,1.1
9822,2.4
9823,2.6
9824,3.4
9825,3.2
9826,3.7
9827,2.3
9828,3.9
9829,3.9
9830,2.3
9831,3.3
9832,2.4
9833,2.1
9834,3.0
9835,2.3
9836,2.2
9837,3.4
9838,2.6
9839,1.7
9840,2.1
9841,2.8
9842,2.9
9843,1.3
9844,2.9
9845,1.7
9846,3.8
9847,2.0
9848,1.6
9849,1.6
9850,1.5
9851,3.5
9852,3.1
9853,1.6
9854,3.2
9855,1.4
9856,3.8
9857,1.6
9858,1.8
9859,3.3
9860,1.1
9861,2.1
9862,2.5
9863,3.3
9864,2.6
9865,2.2
9866,2.7
9867,2.6
9868,2.1
9869,2.2
9870,3.9
9871,2.3
9872,2.0
9873,2.6
9874,1.2
9875,2.6
9876,1.6
9877,3.1
9878,3.4
9879,2.4
9880,3.0
9881,2.0
9882,3.8
9883,2.9
9884,3.4
9885,1.8
9886,1.4
9887,3.3
9888,1.8
9889,1.3
9890,2.1
9891,3.6
9892,1.2
9893,1.1
9894,3.9
9895,3.4
9896,1.9
9897,3.8
9898,3.4
9899,2.1
9900,3.6
9901,1.5
9902,3.2
9903,1.8
9904,2.5
9905,3.0
9906,2.1
9907,1.7
9908,1.2
9909,2.3
9910,1.3
9911,2.9
9912,3.4
9913,2.3
9914,3.0
9915,3.1
9916,3.1
9917,3.5
9918,2.3
9919,2.9
9920,3.2
9921,3.5
9922,1.3
9923,3.6
9924,1.2
9925,3.2
9926,2.2
9927,3.4
9928,2.6
9929,1.5
9930,1.6
9931,1.7
9932,3.3
9933,3.3
9934,3.9
9935,3.9
9936,1.8
9937,3.4
9938,3.1
9939,3.4
9940,3.4
9941,3.4
9942,3.6
9943,4.0
9944,1.6
9945,2.2
9946,3.8
9947,2.9
9948,3.2
9949,2.3
9950,2.1
9951,2.5
9952,1.4
9953,1.8
9954,2.1
9955,1.3
9956,3.6
9957,2.3
9958,2.5
9959,2.5
9960,1.7
9961,3.7
9962,2.3
9963,2.2
9964,1.0
9965,3.8
9966,2.0
9967,3.7
9968,3.3
9969,2.0
9970,1.1
9971,2.3
9972,3.5
9973,1.5
9974,2.4
9975,2.5
9976,2.1
9977,1.8
9978,1.9
9979,3.2
9980,1.9
9981,2.0
9982,2.6
9983,2.2
9984,1.9
9985,3.8
9986,3.8
9987,3.7
9988,3.0
9989,3.3
9990,3.8
9991,1.9
9992,1.2
9993,3.6
9994,2.0
9995,1.7
9996,1.8
9997,1.9
9998,1.6
9999,3.2
10000,4.0
